name,type,cost,text,set,expansion,image_url,clean_name
Cellar,Action,$2,"+1 Action
Discard any number of cards, then draw that many.",Dominion 2nd Edition,Dominion,https://raw.githubusercontent.com/tempfillernamegithq/dominion-cards/master/dominion/cellar.jpg,cellar
Chapel,Action,$2,Trash up to 4 cards from your hand.,Dominion 2nd Edition,Dominion,https://raw.githubusercontent.com/tempfillernamegithq/dominion-cards/master/dominion/chapel.jpg,chapel
Moat,Action – Reaction,$2,"+2 Cards
———-
When another player plays an Attack card, you may first reveal this from your hand, to be unaffected by it.",Dominion 2nd Edition,Dominion,https://raw.githubusercontent.com/tempfillernamegithq/dominion-cards/master/dominion/moat.jpg,moat
Harbinger,Action,$3,"+1 Card
+1 Action
Look through your discard pile. You may put a card from it onto your deck.",Dominion 2nd Edition,Dominion,https://raw.githubusercontent.com/tempfillernamegithq/dominion-cards/master/dominion/harbinger.jpg,harbinger
Merchant,Action,$3,"+1 Card
+1 Action
The first time you play a Silver this turn, +$1.",Dominion 2nd Edition,Dominion,https://raw.githubusercontent.com/tempfillernamegithq/dominion-cards/master/dominion/merchant.jpg,merchant
Vassal,Action,$3,"Discard the top card of your deck. If it’s an Action card, you may play it.",Dominion 2nd Edition,Dominion,https://raw.githubusercontent.com/tempfillernamegithq/dominion-cards/master/dominion/vassal.jpg,vassal
Village,Action,$3,"+1 Card
+2 Actions.",Dominion 2nd Edition,Dominion,https://raw.githubusercontent.com/tempfillernamegithq/dominion-cards/master/dominion/village.jpg,village
Workshop,Action,$3,Gain a card costing up to $4.,Dominion 2nd Edition,Dominion,https://raw.githubusercontent.com/tempfillernamegithq/dominion-cards/master/dominion/workshop.jpg,workshop
Bureaucrat,Action – Attack,$4,Gain a silver card; put it on top of your deck. Each other player reveals a Victory card from his hand and puts it on his deck (or reveals a hand with no Victory cards).,Dominion 2nd Edition,Dominion,https://raw.githubusercontent.com/tempfillernamegithq/dominion-cards/master/dominion/bureaucrat.jpg,bureaucrat
Gardens,Victory,$4,Worth 1 Victory for every 10 cards in your deck (rounded down).,Dominion 2nd Edition,Dominion,https://raw.githubusercontent.com/tempfillernamegithq/dominion-cards/master/dominion/gardens.jpg,gardens
Militia,Action – Attack,$4,"+$2
Each other player discards down to 3 cards in their hand.",Dominion 2nd Edition,Dominion,https://raw.githubusercontent.com/tempfillernamegithq/dominion-cards/master/dominion/militia.jpg,militia
Moneylender,Action,$4,"You may trash a Copper from your hand. If you do, +$3.",Dominion 2nd Edition,Dominion,https://raw.githubusercontent.com/tempfillernamegithq/dominion-cards/master/dominion/moneylender.jpg,moneylender
Poacher,Action,$4,"+1 Card
+1 Action
+$1
Discard a card per empty Supply pile.",Dominion 2nd Edition,Dominion,https://raw.githubusercontent.com/tempfillernamegithq/dominion-cards/master/dominion/poacher.jpg,poacher
Remodel,Action,$4,Trash a card from your hand. Gain a card costing up to $2 more than the trashed card.,Dominion 2nd Edition,Dominion,https://raw.githubusercontent.com/tempfillernamegithq/dominion-cards/master/dominion/remodel.jpg,remodel
Smithy,Action,$4,+3 Cards.,Dominion 2nd Edition,Dominion,https://raw.githubusercontent.com/tempfillernamegithq/dominion-cards/master/dominion/smithy.jpg,smithy
Throne Room,Action,$4,You may play an Action card from your hand twice.,Dominion 2nd Edition,Dominion,https://raw.githubusercontent.com/tempfillernamegithq/dominion-cards/master/dominion/throne-room.jpg,throne room
Bandit,Action – Attack,$5,"Gain a Gold. Each other player reveals the top two cards of their deck, trashes a revealed Treasure other than Copper, and discards the rest.",Dominion 2nd Edition,Dominion,https://raw.githubusercontent.com/tempfillernamegithq/dominion-cards/master/dominion/bandit.jpg,bandit
Council Room,Action,$5,"+4 Cards
+1 Buy
Each other player draws a card.",Dominion 2nd Edition,Dominion,https://raw.githubusercontent.com/tempfillernamegithq/dominion-cards/master/dominion/council-room.jpg,council room
Festival,Action,$5,"+2 Actions
+1 Buy
+$2.",Dominion 2nd Edition,Dominion,https://raw.githubusercontent.com/tempfillernamegithq/dominion-cards/master/dominion/festival.jpg,festival
Laboratory,Action,$5,"+2 Cards
+1 Action.",Dominion 2nd Edition,Dominion,https://raw.githubusercontent.com/tempfillernamegithq/dominion-cards/master/dominion/laboratory.jpg,laboratory
Library,Action,$5,"Draw until you have 7 cards in hand, skipping any Action cards you choose to; set those aside, discarding them afterwards.",Dominion 2nd Edition,Dominion,https://raw.githubusercontent.com/tempfillernamegithq/dominion-cards/master/dominion/library.jpg,library
Market,Action,$5,"+1 Card
+1 Action
+1 Buy
+$1.",Dominion 2nd Edition,Dominion,https://raw.githubusercontent.com/tempfillernamegithq/dominion-cards/master/dominion/market.jpg,market
Mine,Action,$5,You may trash a Treasure from your hand. Gain a Treasure to your hand costing up to $3 more than it.,Dominion 2nd Edition,Dominion,https://raw.githubusercontent.com/tempfillernamegithq/dominion-cards/master/dominion/mine.jpg,mine
Sentry,Action,$5,"+1 Card
+1 Action
Look at the top 2 cards of your deck. Trash and/or discard any number of them. Put the rest back on top in any order.",Dominion 2nd Edition,Dominion,https://raw.githubusercontent.com/tempfillernamegithq/dominion-cards/master/dominion/sentry.jpg,sentry
Witch,Action – Attack,$5,"+2 Cards
Each other player gains a Curse card.",Dominion 2nd Edition,Dominion,https://raw.githubusercontent.com/tempfillernamegithq/dominion-cards/master/dominion/witch.jpg,witch
Artisan,Action,$6,Gain a card to your hand costing up to $5. Put a card from your hand onto your deck.,Dominion 2nd Edition,Dominion,https://raw.githubusercontent.com/tempfillernamegithq/dominion-cards/master/dominion/artisan.jpg,artisan
Courtyard,Action,$2,"+3 Cards
Put a card from your hand onto your deck.",Intrigue 2nd Edition,Intrigue,https://raw.githubusercontent.com/tempfillernamegithq/dominion-cards/master/intrigue/courtyard.jpg,courtyard
Lurker,Action,$2,"+1 Action
Choose one: Trash an Action card from the Supply; or gain an Action card from the trash.",Intrigue 2nd Edition,Intrigue,https://raw.githubusercontent.com/tempfillernamegithq/dominion-cards/master/intrigue/lurker.jpg,lurker
Pawn,Action,$2,Choose two: +1 Card; +1 Action; +1 Buy; +$1. The choices must be different.,Intrigue 2nd Edition,Intrigue,https://raw.githubusercontent.com/tempfillernamegithq/dominion-cards/master/intrigue/pawn.jpg,pawn
Masquerade,Action,$3,"+2 Cards
Each player with any cards in hand passes one to the next such player to their left, at once. Then you may trash a card from your hand.",Intrigue 2nd Edition,Intrigue,https://raw.githubusercontent.com/tempfillernamegithq/dominion-cards/master/intrigue/masquerade.jpg,masquerade
Shanty Town,Action,$3,"+2 Actions
Reveal your hand. If you have no Action cards in hand, +2 Cards.",Intrigue 2nd Edition,Intrigue,https://raw.githubusercontent.com/tempfillernamegithq/dominion-cards/master/intrigue/shanty-town.jpg,shanty town
Steward,Action,$3,Choose one: +2 Cards; or +$2; or trash 2 cards from your hand.,Intrigue 2nd Edition,Intrigue,https://raw.githubusercontent.com/tempfillernamegithq/dominion-cards/master/intrigue/steward.jpg,steward
Swindler,Action – Attack,$3,"+$2
Each other player trashes the top card of their deck and gains a card with the same cost that you choose.",Intrigue 2nd Edition,Intrigue,https://raw.githubusercontent.com/tempfillernamegithq/dominion-cards/master/intrigue/swindler.jpg,swindler
Wishing Well,Action,$3,"+1 Card; +1 Action
Name a card, then reveal the top card of your deck. If you name it, put it in your hand.",Intrigue 2nd Edition,Intrigue,https://raw.githubusercontent.com/tempfillernamegithq/dominion-cards/master/intrigue/wishing-well.jpg,wishing well
Baron,Action,$4,"+1 Buy
You may discard an Estate for +$4. If you don’t gain an Estate.",Intrigue 2nd Edition,Intrigue,https://raw.githubusercontent.com/tempfillernamegithq/dominion-cards/master/intrigue/baron.jpg,baron
Bridge,Action,$4,"+1 Buy
+$1
This turn, cards (everywhere) cost $1 less, but not less than $0.",Intrigue 2nd Edition,Intrigue,https://raw.githubusercontent.com/tempfillernamegithq/dominion-cards/master/intrigue/bridge.jpg,bridge
Conspirator,Action,$4,"+$2
If you’ve played 3 or more Actions this turn (counting this), +1 Card and +1 Action.",Intrigue 2nd Edition,Intrigue,https://raw.githubusercontent.com/tempfillernamegithq/dominion-cards/master/intrigue/conspirator.jpg,conspirator
Diplomat,Action – Reaction,$4,"+2 Cards
If you have 5 or fewer cards in hand (after drawing), +2 Actions.
———-
When another player plays an Attack card, you may reveal this from a hand of 5 or more cards, to draw 2 cards then discard 3.",Intrigue 2nd Edition,Intrigue,https://raw.githubusercontent.com/tempfillernamegithq/dominion-cards/master/intrigue/diplomat.jpg,diplomat
Ironworks,Action,$4,"Gain a card costing up to $4. If the gained card is an…
Action card, +1 Action
Treasure card, +$1
Victory card, +1 Card",Intrigue 2nd Edition,Intrigue,https://raw.githubusercontent.com/tempfillernamegithq/dominion-cards/master/intrigue/ironworks.jpg,ironworks
Mill,Action – Victory,$4,"+1 Card
+1 Action
You may discard 2 cards, for +$2.
———-
1 VP",Intrigue 2nd Edition,Intrigue,https://raw.githubusercontent.com/tempfillernamegithq/dominion-cards/master/intrigue/mill.jpg,mill
Mining Village,Action,$4,"+1 Card
+2 Actions
You may trash this for +$2.",Intrigue 2nd Edition,Intrigue,https://raw.githubusercontent.com/tempfillernamegithq/dominion-cards/master/intrigue/mining-village.jpg,mining village
Secret Passage,Action,$4,"+2 Cards
+1 Action
Take a card from your hand and put it anywhere in your deck.",Intrigue 2nd Edition,Intrigue,https://raw.githubusercontent.com/tempfillernamegithq/dominion-cards/master/intrigue/secret-passage.jpg,secret passage
Courtier,Action,$5,"Reveal a card from your hand. For each type it has (Action, Attack, etc.), choose one: +1 Action; or +1 Buy; or +$3; or gain a Gold. The choices must be different.",Intrigue 2nd Edition,Intrigue,https://raw.githubusercontent.com/tempfillernamegithq/dominion-cards/master/intrigue/courtier.jpg,courtier
Duke,Victory,$5,Worth 1 Victory Point per Duchy you have.,Intrigue 2nd Edition,Intrigue,https://raw.githubusercontent.com/tempfillernamegithq/dominion-cards/master/intrigue/duke.jpg,duke
Minion,Action – Attack,$5,"+1 Action
Choose one: +$2; or discard your hand, +4 Cards, and each other player with at least 5 cards in hand discards their hand and draws 4 cards.",Intrigue 2nd Edition,Intrigue,https://raw.githubusercontent.com/tempfillernamegithq/dominion-cards/master/intrigue/minion.jpg,minion
Patrol,Action,$5,"+3 Cards
Reveal the top 4 cards of your deck. Put the Victory cards and Curses into your hand. Put the rest back in any order.",Intrigue 2nd Edition,Intrigue,https://raw.githubusercontent.com/tempfillernamegithq/dominion-cards/master/intrigue/patrol.jpg,patrol
Replace,Action – Attack,$5,"Trash a card from your hand. Gain a card costing up to $2 more than it. If the gained card is an Action or Treasure, put it onto your deck; if it’s a Victory card, each other player gains a Curse.",Intrigue 2nd Edition,Intrigue,https://raw.githubusercontent.com/tempfillernamegithq/dominion-cards/master/intrigue/replace.jpg,replace
Torturer,Action – Attack,$5,"+3 Cards
Each other player either discards 2 cards or gains a Curse to their hand, their choice. (They may pick an option they can’t do.)",Intrigue 2nd Edition,Intrigue,https://raw.githubusercontent.com/tempfillernamegithq/dominion-cards/master/intrigue/torturer.jpg,torturer
Trading Post,Action,$5,"Trash 2 cards from your hand. If you did, gain a Silver to your hand.",Intrigue 2nd Edition,Intrigue,https://raw.githubusercontent.com/tempfillernamegithq/dominion-cards/master/intrigue/trading-post.jpg,trading post
Upgrade,Action,$5,"+1 Card
+1 Action
Trash a card from your hand. Gain a card costing exactly $1 more than it.",Intrigue 2nd Edition,Intrigue,https://raw.githubusercontent.com/tempfillernamegithq/dominion-cards/master/intrigue/upgrade.jpg,upgrade
Harem,Treasure – Victory,$6,"$2
———-
2 Victory Points",Intrigue 2nd Edition,Intrigue,https://raw.githubusercontent.com/tempfillernamegithq/dominion-cards/master/intrigue/harem.jpg,harem
Nobles,Action – Victory,$6,"Choose one: +3 Cards; or +2 Actions.
———-
2 Victory Points",Intrigue 2nd Edition,Intrigue,https://raw.githubusercontent.com/tempfillernamegithq/dominion-cards/master/intrigue/nobles.jpg,nobles
Embargo,Action,$2,"+$2
Trash this. Add an Embargo token to a Supply pile. (For the rest of the game, when a player buys a card from that pile, they gain a Curse.)",Seaside,Seaside,https://raw.githubusercontent.com/tempfillernamegithq/dominion-cards/master/seaside/embargo.jpg,embargo
Haven,Action – Duration,$2,"+1 Card
+1 Action
Set aside a card from your hand face down (under this). At the start of your next turn, put it into your hand.",Seaside,Seaside,https://raw.githubusercontent.com/tempfillernamegithq/dominion-cards/master/seaside/haven.jpg,haven
Lighthouse,Action – Duration,$2,"+1 Action
Now and at the start of your next turn: +$1.
———-
While this is in play, when another player plays an Attack card, it doesn’t affect you.",Seaside,Seaside,https://raw.githubusercontent.com/tempfillernamegithq/dominion-cards/master/seaside/lighthouse.jpg,lighthouse
Native Village,Action,$2,"+2 Actions
Choose one: Put the top card of your deck face down on your Native Village mat (you may look at those cards at any time); or put all the cards from your mat into your hand.",Seaside,Seaside,https://raw.githubusercontent.com/tempfillernamegithq/dominion-cards/master/seaside/native-village.jpg,native village
Pearl Diver,Action,$2,"+1 Card
+1 Action
Look at the bottom card of your deck. You may put it on top.",Seaside,Seaside,https://raw.githubusercontent.com/tempfillernamegithq/dominion-cards/master/seaside/pearl-diver.jpg,pearl diver
Ambassador,Action – Attack,$3,Reveal a card from your hand. Return up to 2 copies of it from your hand to the Supply. Then each other player gains a copy of it.,Seaside,Seaside,https://raw.githubusercontent.com/tempfillernamegithq/dominion-cards/master/seaside/ambassador.jpg,ambassador
Fishing Village,Action – Duration,$3,"+2 Actions
+$1
At the start of your next turn: +1 Action and +$1.",Seaside,Seaside,https://raw.githubusercontent.com/tempfillernamegithq/dominion-cards/master/seaside/fishing-village.jpg,fishing village
Lookout,Action,$3,"+1 Action
Look at the top 3 cards of your deck. Trash one of them. Discard one of them. Put the other one back on to your deck.",Seaside,Seaside,https://raw.githubusercontent.com/tempfillernamegithq/dominion-cards/master/seaside/lookout.jpg,lookout
Smugglers,Action,$3,Gain a copy of a card costing up to $6 that the player to your right gained on their last turn.,Seaside,Seaside,https://raw.githubusercontent.com/tempfillernamegithq/dominion-cards/master/seaside/smugglers.jpg,smugglers
Warehouse,Action,$3,"+3 Cards
+1 Action
Discard 3 cards.",Seaside,Seaside,https://raw.githubusercontent.com/tempfillernamegithq/dominion-cards/master/seaside/warehouse.jpg,warehouse
Caravan,Action – Duration,$4,"+1 Card
+1 Action
At the start of your next turn, +1 Card.",Seaside,Seaside,https://raw.githubusercontent.com/tempfillernamegithq/dominion-cards/master/seaside/caravan.jpg,caravan
Cutpurse,Action – Attack,$4,"+$2
Each other player discards a Copper (or reveals a hand with no Copper).",Seaside,Seaside,https://raw.githubusercontent.com/tempfillernamegithq/dominion-cards/master/seaside/cutpurse.jpg,cutpurse
Island,Action – Victory,$4,"Put this and a card from your hand onto your Island mat.
———-
2 Victory Points",Seaside,Seaside,https://raw.githubusercontent.com/tempfillernamegithq/dominion-cards/master/seaside/island.jpg,island
Navigator,Action,$4,"+$2
Look at the top 5 cards of your deck. Either discard them all, or put them back in any order.",Seaside,Seaside,https://raw.githubusercontent.com/tempfillernamegithq/dominion-cards/master/seaside/navigator.jpg,navigator
Pirate Ship,Action – Attack,$4,"Choose one: +$1 per Coin token on your Pirate Ship mat; or each other player reveals the top 2 cards of their deck, trashes one of those Treasures that you choose, and discards the rest, and then if anyone trashed a Treasure you add a Coin token to your Pirate Ship mat.",Seaside,Seaside,https://raw.githubusercontent.com/tempfillernamegithq/dominion-cards/master/seaside/pirate-ship.jpg,pirate ship
Salvager,Action,$4,"+1 Buy
Trash a card from your hand. +$1 per $1 it costs.",Seaside,Seaside,https://raw.githubusercontent.com/tempfillernamegithq/dominion-cards/master/seaside/salvager.jpg,salvager
Sea Hag,Action – Attack,$4,"Each other player discards the top card of their deck, then gains a Curse onto their deck.",Seaside,Seaside,https://raw.githubusercontent.com/tempfillernamegithq/dominion-cards/master/seaside/sea-hag.jpg,sea hag
Treasure Map,Action,$4,"Trash this and a Treasure Map from your hand. If you trashed two Treasure Maps, gain 4 Golds onto your deck.",Seaside,Seaside,https://raw.githubusercontent.com/tempfillernamegithq/dominion-cards/master/seaside/treasure-map.jpg,treasure map
Bazaar,Action,$5,"+1 Card
+2 Actions
+$1.",Seaside,Seaside,https://raw.githubusercontent.com/tempfillernamegithq/dominion-cards/master/seaside/bazaar.jpg,bazaar
Explorer,Action,$5,"You may reveal a Province from your hand. If you do, gain a Gold to your hand. If you don’t, gain a Silver to your hand.",Seaside,Seaside,https://raw.githubusercontent.com/tempfillernamegithq/dominion-cards/master/seaside/explorer.jpg,explorer
Ghost Ship,Action – Attack,$5,"+2 Cards
Each other player with 4 or more cards in hand puts cards from their hand onto their deck until they have 3 cards in hand.",Seaside,Seaside,https://raw.githubusercontent.com/tempfillernamegithq/dominion-cards/master/seaside/ghost-ship.jpg,ghost ship
Merchant Ship,Action – Duration,$5,Now and at the start of your next turn: +$2.,Seaside,Seaside,https://raw.githubusercontent.com/tempfillernamegithq/dominion-cards/master/seaside/merchant-ship.jpg,merchant ship
Outpost,Action – Duration,$5,"If this is the first time you played an Outpost this turn, and the previous turn wasn’t yours, then take an extra turn after this one, and you only draw 3 cards for your next hand.",Seaside,Seaside,https://raw.githubusercontent.com/tempfillernamegithq/dominion-cards/master/seaside/outpost.jpg,outpost
Tactician,Action – Duration,$5,"If you have at least one card in hand, discard your hand, and at the start of your next turn, +5 Cards, +1 Action, and +1 Buy.",Seaside,Seaside,https://raw.githubusercontent.com/tempfillernamegithq/dominion-cards/master/seaside/tactician.jpg,tactician
Treasury,Action,$5,"+1 Card
+1 Action
+$1
When you discard this from play, if you didn’t buy a Victory card this turn, you may put this onto your deck.",Seaside,Seaside,https://raw.githubusercontent.com/tempfillernamegithq/dominion-cards/master/seaside/treasury.jpg,treasury
Wharf,Action – Duration,$5,Now and at the start of your next turn: +2 Cards and +1 Buy.,Seaside,Seaside,https://raw.githubusercontent.com/tempfillernamegithq/dominion-cards/master/seaside/wharf.jpg,wharf
Herbalist,Action,$2,"+1 Buy
+$1
———-
When you discard this from play, you may put one of your Treasures from play onto your deck.",Alchemy,Alchemy,https://raw.githubusercontent.com/tempfillernamegithq/dominion-cards/master/alchemy/herbalist.jpg,herbalist
Potion,Treasure,$4,Worth 1◉.,Alchemy,Alchemy,https://raw.githubusercontent.com/tempfillernamegithq/dominion-cards/master/alchemy/potion.jpg,potion
Apprentice,Action,$5,"+1 Action
Trash a card from your hand. +1 Card per $1 it costs. +2 Cards if it has ◉ in its cost.",Alchemy,Alchemy,https://raw.githubusercontent.com/tempfillernamegithq/dominion-cards/master/alchemy/apprentice.jpg,apprentice
Transmute,Action,$0◉,"Trash a card from your hand. If it’s an…
Action card, gain a Duchy
Treasure card, gain a Transmute
Victory card, gain a Gold",Alchemy,Alchemy,https://raw.githubusercontent.com/tempfillernamegithq/dominion-cards/master/alchemy/transmute.jpg,transmute
Vineyard,Victory,$0◉,Worth 1 Victory Point per 3 Action cards in your deck (round down).,Alchemy,Alchemy,https://raw.githubusercontent.com/tempfillernamegithq/dominion-cards/master/alchemy/vineyard.jpg,vineyard
Apothecary,Action,$2◉,"+1 Card
+1 Action
Reveal the top 4 cards of your deck. Put the revealed Coppers and Potions into your hand. Put the rest back in any order.",Alchemy,Alchemy,https://raw.githubusercontent.com/tempfillernamegithq/dominion-cards/master/alchemy/apothecary.jpg,apothecary
Scrying Pool,Action – Attack,$2◉,"+1 Action
Each player (including you) reveals the top card of their deck and either discards it or puts it back, your choice. Then reveal cards from your deck until revealing one that isn’t an Action. Put all of those revealed cards into your hand.",Alchemy,Alchemy,https://raw.githubusercontent.com/tempfillernamegithq/dominion-cards/master/alchemy/scrying-pool.jpg,scrying pool
University,Action,$2◉,"+2 Actions
You may gain an Action card costing up to $5.",Alchemy,Alchemy,https://raw.githubusercontent.com/tempfillernamegithq/dominion-cards/master/alchemy/university.jpg,university
Alchemist,Action,$3◉,"+2 Card
+1 Action
———-
When you discard this from play, if you have a Potion in play, you may put this onto your deck.",Alchemy,Alchemy,https://raw.githubusercontent.com/tempfillernamegithq/dominion-cards/master/alchemy/alchemist.jpg,alchemist
Familiar,Action – Attack,$3◉,"+1 Card
+1 Action
Each other player gains a curse.",Alchemy,Alchemy,https://raw.githubusercontent.com/tempfillernamegithq/dominion-cards/master/alchemy/familiar.jpg,familiar
Philosopher’s Stone,Treasure,$3◉,"When you play this, count your deck and discard pile. Worth $1 per 5 cards total between them (round down).",Alchemy,Alchemy,https://raw.githubusercontent.com/tempfillernamegithq/dominion-cards/master/alchemy/philosophers-stone.jpg,philosophers stone
Golem,Action,$4◉,"Reveal cards from your deck until you reveal 2 Action cards other than Golems. Discard the other cards, then play the Action cards in either order.",Alchemy,Alchemy,https://raw.githubusercontent.com/tempfillernamegithq/dominion-cards/master/alchemy/golem.jpg,golem
Possession,Action,$6◉,"The player to your left takes an extra turn after this one, in which you can see all cards they can and make all decisions for them. Any cards or tokens they would gain on that turn, you gain instead; any cards of theirs that are trashed are set aside and put in their discard pile at end of turn.",Alchemy,Alchemy,https://raw.githubusercontent.com/tempfillernamegithq/dominion-cards/master/alchemy/possession.jpg,possession
Loan,Treasure,$3,"$1
When you play this, reveal cards from your deck until you reveal a Treasure. Discard it or trash it. Discard the other cards.",Prosperity,Prosperity,https://raw.githubusercontent.com/tempfillernamegithq/dominion-cards/master/prosperity/loan.jpg,loan
Trade Route,Action,$3,"+1 Buy
Trash a card from your hand. +$1 per Coin token on the Trade Route mat.
———-
Setup: Add a Coin token to each Victory Supply pile. When a card is gained from that pile, move the token to the Trade Route mat.",Prosperity,Prosperity,https://raw.githubusercontent.com/tempfillernamegithq/dominion-cards/master/prosperity/trade-route.jpg,trade route
Watchtower,Action – Reaction,$3,"Draw until you have 6 cards in hand.
———-
When you gain a card, you may reveal this from your hand, to either trash that card or put it onto your deck.",Prosperity,Prosperity,https://raw.githubusercontent.com/tempfillernamegithq/dominion-cards/master/prosperity/watchtower.jpg,watchtower
Bishop,Action,$4,"+$1
+1 VP
Trash a card from your hand. +1 VP per $2 it costs (round down).
Each other player may trash a card from their hand.",Prosperity,Prosperity,https://raw.githubusercontent.com/tempfillernamegithq/dominion-cards/master/prosperity/bishop.jpg,bishop
Monument,Action,$4,"+$2
+1 VP.",Prosperity,Prosperity,https://raw.githubusercontent.com/tempfillernamegithq/dominion-cards/master/prosperity/monument.jpg,monument
Quarry,Treasure,$4,"$1.
———-
While this is in play, Action cards cost $2 less, but not less than $0.",Prosperity,Prosperity,https://raw.githubusercontent.com/tempfillernamegithq/dominion-cards/master/prosperity/quarry.jpg,quarry
Talisman,Treasure,$4,"$1.
———-
While this is in play, when you buy a non-Victory card costing $4 or less, gain a copy of it.",Prosperity,Prosperity,https://raw.githubusercontent.com/tempfillernamegithq/dominion-cards/master/prosperity/talisman.jpg,talisman
Worker’s Village,Action,$4,"+1 Card
+2 Actions
+1 Buy",Prosperity,Prosperity,https://raw.githubusercontent.com/tempfillernamegithq/dominion-cards/master/prosperity/workers-village.jpg,workers village
City,Action,$5,"+1 Card
+2 Actions
If there are one or more empty Supply piles, +1 Card. If there are two or more, +$1 and +1 Buy.",Prosperity,Prosperity,https://raw.githubusercontent.com/tempfillernamegithq/dominion-cards/master/prosperity/city.jpg,city
Contraband,Treasure,$5,"$3
+1 Buy
When you play this, the player to your left names a card. You can’t buy that card this turn.",Prosperity,Prosperity,https://raw.githubusercontent.com/tempfillernamegithq/dominion-cards/master/prosperity/contraband.jpg,contraband
Counting House,Action,$5,"Look through your discard pile, reveal any number of Coppers from it, and put them into your hand.",Prosperity,Prosperity,https://raw.githubusercontent.com/tempfillernamegithq/dominion-cards/master/prosperity/counting-house.jpg,counting house
Mint,Action,$5,"You may reveal a Treasure card from your hand. Gain a copy of it.
———-
When you buy this, trash all Treasures you have in play.",Prosperity,Prosperity,https://raw.githubusercontent.com/tempfillernamegithq/dominion-cards/master/prosperity/mint.jpg,mint
Mountebank,Action – Attack,$5,"+$2
Each other player may discard a Curse. If they don’t, they gain a Curse and a Copper.",Prosperity,Prosperity,https://raw.githubusercontent.com/tempfillernamegithq/dominion-cards/master/prosperity/mountebank.jpg,mountebank
Rabble,Action – Attack,$5,"+3 Cards
Each other player reveals the top 3 cards of their deck, discards the Actions and Treasures, and puts the rest back in any order they choose.",Prosperity,Prosperity,https://raw.githubusercontent.com/tempfillernamegithq/dominion-cards/master/prosperity/rabble.jpg,rabble
Royal Seal,Treasure,$5,"Worth $2
———-
While this is in play, when you gain a card, you may put that card onto your deck.",Prosperity,Prosperity,https://raw.githubusercontent.com/tempfillernamegithq/dominion-cards/master/prosperity/royal-seal.jpg,royal seal
Vault,Action,$5,"+2 Cards
Discard any number of cards for +$1 each.
Each other player may discard 2 cards, to draw a card.",Prosperity,Prosperity,https://raw.githubusercontent.com/tempfillernamegithq/dominion-cards/master/prosperity/vault.jpg,vault
Venture,Treasure,$5,"Worth $1
When you play this, reveal cards from your deck until you reveal a Treasure. Discard the rest, then play the Treasure.",Prosperity,Prosperity,https://raw.githubusercontent.com/tempfillernamegithq/dominion-cards/master/prosperity/venture.jpg,venture
Goons,Action – Attack,$6,"+1 Buy; +$2
Each other player discards down to 3 cards in hand.
———-
While this is in play, when you buy a card, +1 VP token.",Prosperity,Prosperity,https://raw.githubusercontent.com/tempfillernamegithq/dominion-cards/master/prosperity/goons.jpg,goons
Grand Market,Action,$6,"+1 Card
+1 Action
+1 Buy
+$2
———-
You can’t buy this if you have any Coppers in play.",Prosperity,Prosperity,https://raw.githubusercontent.com/tempfillernamegithq/dominion-cards/master/prosperity/grand-market.jpg,grand market
Hoard,Treasure,$6,"Worth $2.
———-
While this is in play, when you buy a Victory card, gain a Gold.",Prosperity,Prosperity,https://raw.githubusercontent.com/tempfillernamegithq/dominion-cards/master/prosperity/hoard.jpg,hoard
Bank,Treasure,$7,"Worth $?
When you play this, it’s worth $1 per Treasure card you have in play (counting this).",Prosperity,Prosperity,https://raw.githubusercontent.com/tempfillernamegithq/dominion-cards/master/prosperity/bank.jpg,bank
Expand,Action,$7,Trash a card from your hand. Gain a card costing up to $3 more than it.,Prosperity,Prosperity,https://raw.githubusercontent.com/tempfillernamegithq/dominion-cards/master/prosperity/expand.jpg,expand
Forge,Action,$7,Trash any number of cards from your hand. Gain a card with cost exactly equal to the total cost in $ of the trashed cards.,Prosperity,Prosperity,https://raw.githubusercontent.com/tempfillernamegithq/dominion-cards/master/prosperity/forge.jpg,forge
King’s Court,Action,$7,You may play an Action card from your hand three times.,Prosperity,Prosperity,https://raw.githubusercontent.com/tempfillernamegithq/dominion-cards/master/prosperity/kings-court.jpg,kings court
Peddler,Action,$8*,"+1 Card
+1 Action
+$1
———-
During your Buy phase, this costs $2 less per Action card you have in play, but not less than $0.",Prosperity,Prosperity,https://raw.githubusercontent.com/tempfillernamegithq/dominion-cards/master/prosperity/peddler.jpg,peddler
Platinum,Treasure,$9,Worth $5,Prosperity,Prosperity,https://raw.githubusercontent.com/tempfillernamegithq/dominion-cards/master/prosperity/platinum.jpg,platinum
Colony,Victory,$11,10 Victory Points,Prosperity,Prosperity,https://raw.githubusercontent.com/tempfillernamegithq/dominion-cards/master/prosperity/colony.jpg,colony
Hamlet,Action,$2,"+1 Card
+1 Action
You may discard a card for +1 Action.
You may discard a card for +1 Buy.",Cornucopia,Cornucopia,https://raw.githubusercontent.com/tempfillernamegithq/dominion-cards/master/cornucopia/hamlet.jpg,hamlet
Fortune Teller,Action – Attack,$3,"+$2
Each other player reveals cards from the top of their deck until they reveal a Victory card or Curse. They put it on top and discard the rest.",Cornucopia,Cornucopia,https://raw.githubusercontent.com/tempfillernamegithq/dominion-cards/master/cornucopia/fortune-teller.jpg,fortune teller
Menagerie,Action,$3,"+1 Action
Reveal your hand. If the revealed cards all have different names, +3 Cards. Otherwise, +1 Card.",Cornucopia,Cornucopia,https://raw.githubusercontent.com/tempfillernamegithq/dominion-cards/master/cornucopia/menagerie.jpg,menagerie
Farming Village,Action,$4,"+2 Actions
Reveal cards from the top of your deck until you reveal an Action or Treasure card. Put that card into your hand and discard the rest.",Cornucopia,Cornucopia,https://raw.githubusercontent.com/tempfillernamegithq/dominion-cards/master/cornucopia/farming-village.jpg,farming village
Horse Traders,Action – Reaction,$4,"+1 Buy
+$3
Discard 2 cards.
———-
When another player plays an Attack card, you may first set this aside from your hand. If you do, then at the start of your next turn, +1 Card and return this to your hand.",Cornucopia,Cornucopia,https://raw.githubusercontent.com/tempfillernamegithq/dominion-cards/master/cornucopia/horse-traders.jpg,horse traders
Remake,Action,$4,"Do this twice: Trash a card from your hand, then gain a card costing exactly $1 more than it.",Cornucopia,Cornucopia,https://raw.githubusercontent.com/tempfillernamegithq/dominion-cards/master/cornucopia/remake.jpg,remake
Tournament,Action,$4,"+1 Action
Each player may reveal a Province from their hand. If you do, discard it and gain any Prize (from the Prize pile) or a Duchy, onto your deck. If no-one else does, +1 Card and +$1.",Cornucopia,Cornucopia,https://raw.githubusercontent.com/tempfillernamegithq/dominion-cards/master/cornucopia/tournament.jpg,tournament
Young Witch,Action – Attack,$4,"+2 Cards
Discard 2 cards. Each other player may reveal a Bane card from their hand; if they don’t, they gain a Curse.
———-
Setup: Add an extra Kingdom card pile costing $2 or $3 to the Supply. Cards from that pile are Bane cards.",Cornucopia,Cornucopia,https://raw.githubusercontent.com/tempfillernamegithq/dominion-cards/master/cornucopia/young-witch.jpg,young witch
Harvest,Action,$5,"Reveal the top 4 cards of your deck, then discard them. +$1 per differently named card revealed.",Cornucopia,Cornucopia,https://raw.githubusercontent.com/tempfillernamegithq/dominion-cards/master/cornucopia/harvest.jpg,harvest
Horn of Plenty,Treasure,$5,"Worth $0.
When you play this, gain a card costing up to $1 per differently named card you have in play (counting this). If it’s a Victory card, trash this.",Cornucopia,Cornucopia,https://raw.githubusercontent.com/tempfillernamegithq/dominion-cards/master/cornucopia/horn-of-plenty.jpg,horn of plenty
Hunting Party,Action,$5,"+1 Card
+1 Action.
Reveal your hand. Reveal cards from your deck until you reveal one that isn’t a copy of one in your hand. Put it into your hand and discard the rest.",Cornucopia,Cornucopia,https://raw.githubusercontent.com/tempfillernamegithq/dominion-cards/master/cornucopia/hunting-party.jpg,hunting party
Jester,Action – Attack,$5,"+$2
Each other player discards the top card of their deck. If it’s a Victory card they gain a Curse; otherwise they gain a copy of the discarded card or you do, your choice.",Cornucopia,Cornucopia,https://raw.githubusercontent.com/tempfillernamegithq/dominion-cards/master/cornucopia/jester.jpg,jester
Fairgrounds,Victory,$6,Worth 2VP for every 5 differently named cards in your deck (round down).,Cornucopia,Cornucopia,https://raw.githubusercontent.com/tempfillernamegithq/dominion-cards/master/cornucopia/fairgrounds.jpg,fairgrounds
Bag of Gold,Action – Prize,$0*,"+1 Action
Gain a Gold onto your deck.
(This is not in the Supply.)",Cornucopia,Cornucopia,https://raw.githubusercontent.com/tempfillernamegithq/dominion-cards/master/cornucopia/bag-of-gold.jpg,bag of gold
Diadem,Treasure – Prize,$0*,"Worth $2.
When you play this, +$1 per unused Action you have (Action, not Action card).
(This is not in the Supply.)",Cornucopia,Cornucopia,https://raw.githubusercontent.com/tempfillernamegithq/dominion-cards/master/cornucopia/diadem.jpg,diadem
Followers,Action – Attack – Prize,$0*,"+2 Cards
Gain an Estate. Each other player gains a Curse and discards down to 3 cards in hand.
(This is not in the Supply.)",Cornucopia,Cornucopia,https://raw.githubusercontent.com/tempfillernamegithq/dominion-cards/master/cornucopia/followers.jpg,followers
Princess,Action – Prize,$0*,"+1 Buy
While this is in play, cards cost $2 less, but not less than $0.
(This is not in the Supply.)",Cornucopia,Cornucopia,https://raw.githubusercontent.com/tempfillernamegithq/dominion-cards/master/cornucopia/princess.jpg,princess
Trusty Steed,Action – Prize,$0*,Choose two: +2 Cards; +2 Actions; +$2; gain 4 Silvers and put your deck into your discard pile.,Cornucopia,Cornucopia,https://raw.githubusercontent.com/tempfillernamegithq/dominion-cards/master/cornucopia/trusty-steed.jpg,trusty steed
Crossroads,Action,$2,"Reveal your hand. +1 Card per Victory card revealed. If this is the first time you played a Crossroads this turn, +3 Actions.",Hinterlands,Hinterlands,https://raw.githubusercontent.com/tempfillernamegithq/dominion-cards/master/hinterlands/crossroads.jpg,crossroads
Duchess,Action,$2,"+$2
Each player (including you) looks at the top card of their deck and may discard it.
———-
If Duchess is in the Supply, you may gain one when you gain a Duchy.",Hinterlands,Hinterlands,https://raw.githubusercontent.com/tempfillernamegithq/dominion-cards/master/hinterlands/duchess.jpg,duchess
Fool’s Gold,Treasure – Reaction,$2,"Worth $1 if it’s the first time you played a Fool’s Gold this turn, otherwise worth $4.
———-
When another player gains a Province, you may trash this from your hand, to gain a Gold onto your deck.",Hinterlands,Hinterlands,https://raw.githubusercontent.com/tempfillernamegithq/dominion-cards/master/hinterlands/fools-gold.jpg,fools gold
Develop,Action,$3,"Trash a card from your hand. Gain two cards onto your deck, with one costing exactly $1 more than it, and one costing exactly $1 less than it, in either order.",Hinterlands,Hinterlands,https://raw.githubusercontent.com/tempfillernamegithq/dominion-cards/master/hinterlands/develop.jpg,develop
Oasis,Action,$3,"+1 Card
+1 Action
+$1
Discard a card.",Hinterlands,Hinterlands,https://raw.githubusercontent.com/tempfillernamegithq/dominion-cards/master/hinterlands/oasis.jpg,oasis
Oracle,Action – Attack,$3,"Each player (including you) reveals the top 2 cards of their deck, and discards them or puts them back, your choice. They choose the order to return them. Afterwards, you draw 2 cards.",Hinterlands,Hinterlands,https://raw.githubusercontent.com/tempfillernamegithq/dominion-cards/master/hinterlands/oracle.jpg,oracle
Scheme,Action,$3,"+1 Card
+1 Action
This turn, you may put one of your Action cards onto your deck when you discard it from play.",Hinterlands,Hinterlands,https://raw.githubusercontent.com/tempfillernamegithq/dominion-cards/master/hinterlands/scheme.jpg,scheme
Tunnel,Victory – Reaction,$3,"2 Victory Points
———-
When you discard this other than during Clean-up, you may reveal it to gain a Gold.",Hinterlands,Hinterlands,https://raw.githubusercontent.com/tempfillernamegithq/dominion-cards/master/hinterlands/tunnel.jpg,tunnel
Jack of All Trades,Action,$4,"Gain a Silver.
Look at the top card of your deck; you may discard it.
Draw until you have 5 cards in hand.
You may trash a non-Treasure card from your hand.",Hinterlands,Hinterlands,https://raw.githubusercontent.com/tempfillernamegithq/dominion-cards/master/hinterlands/jack-of-all-trades.jpg,jack of all trades
Noble Brigand,Action – Attack,$4,"+$1
When you buy or play this, each other player reveals the top 2 cards of their deck, trashes a revealed Silver or Gold you choose, discards the rest, and gains a Copper if they didn’t reveal a Treasure. You gain the trashed cards.",Hinterlands,Hinterlands,https://raw.githubusercontent.com/tempfillernamegithq/dominion-cards/master/hinterlands/noble-brigand.jpg,noble brigand
Nomad Camp,Action,$4,"+1 Buy
+$2
———-
This is gained onto your deck (instead of to your discard pile).",Hinterlands,Hinterlands,https://raw.githubusercontent.com/tempfillernamegithq/dominion-cards/master/hinterlands/nomad-camp.jpg,nomad camp
Silk Road,Victory,$4,Worth 1 Victory Point per 4 Victory cards you have (round down).,Hinterlands,Hinterlands,https://raw.githubusercontent.com/tempfillernamegithq/dominion-cards/master/hinterlands/silk-road.jpg,silk road
Spice Merchant,Action,$4,"You may trash a Treasure from your hand. If you do, choose one:
+2 Cards and +1 Action; or +1 Buy and $2.",Hinterlands,Hinterlands,https://raw.githubusercontent.com/tempfillernamegithq/dominion-cards/master/hinterlands/spice-merchant.jpg,spice merchant
Trader,Action – Reaction,$4,"Trash a card from your hand. Gain a Silver per $1 it costs.
———-
When you would gain a card, you may reveal this from your hand, to instead gain a Silver.",Hinterlands,Hinterlands,https://raw.githubusercontent.com/tempfillernamegithq/dominion-cards/master/hinterlands/trader.jpg,trader
Cache,Treasure,$5,"Worth $3
—
When you gain this, gain 2 Coppers.",Hinterlands,Hinterlands,https://raw.githubusercontent.com/tempfillernamegithq/dominion-cards/master/hinterlands/cache.jpg,cache
Cartographer,Action,$5,"+1 Card
+1 Action
Look at the top 4 cards of your deck. Discard any number of them, then put the rest back in any order.",Hinterlands,Hinterlands,https://raw.githubusercontent.com/tempfillernamegithq/dominion-cards/master/hinterlands/cartographer.jpg,cartographer
Embassy,Action,$5,"+5 Cards
Discard 3 cards.
——
When you gain this, each other player gains a Silver.",Hinterlands,Hinterlands,https://raw.githubusercontent.com/tempfillernamegithq/dominion-cards/master/hinterlands/embassy.jpg,embassy
Haggler,Action,$5,"+$2
———-
While this is in play, when you buy a card, gain a cheaper non-Victory card.",Hinterlands,Hinterlands,https://raw.githubusercontent.com/tempfillernamegithq/dominion-cards/master/hinterlands/haggler.jpg,haggler
Highway,Action,$5,"+1 Card
+1 Action
——–
While this is in play, cards cost $1 less, but not less than $0.",Hinterlands,Hinterlands,https://raw.githubusercontent.com/tempfillernamegithq/dominion-cards/master/hinterlands/highway.jpg,highway
Ill-Gotten Gains,Treasure,$5,"Worth $1
When you play this, you may gain a Copper to your hand.
———
When you gain this, each other player gains a Curse.",Hinterlands,Hinterlands,https://raw.githubusercontent.com/tempfillernamegithq/dominion-cards/master/hinterlands/ill-gotten-gains.jpg,ill-gotten gains
Inn,Action,$5,"+2 Cards; +2 Actions
Discard 2 cards.
———-
When you gain this, look through your discard pile, reveal any number of Action cards from it (which can include this), and shuffle them into your deck.",Hinterlands,Hinterlands,https://raw.githubusercontent.com/tempfillernamegithq/dominion-cards/master/hinterlands/inn.jpg,inn
Mandarin,Action,$5,"+$3
Put a card from your hand on top of your deck.
—
When you gain this, put all Treasures you have in play onto your deck in any order.",Hinterlands,Hinterlands,https://raw.githubusercontent.com/tempfillernamegithq/dominion-cards/master/hinterlands/mandarin.jpg,mandarin
Margrave,Action – Attack,$5,"+3 Cards
+1 Buy
Each other player draws a card, then discards down to 3 cards in hand.",Hinterlands,Hinterlands,https://raw.githubusercontent.com/tempfillernamegithq/dominion-cards/master/hinterlands/margrave.jpg,margrave
Stables,Action,$5,"You may discard a Treasure, for +3 Cards and +1 Action.",Hinterlands,Hinterlands,https://raw.githubusercontent.com/tempfillernamegithq/dominion-cards/master/hinterlands/stables.jpg,stables
Border Village,Action,$6,"+1 Card
+2 Actions
———-
When you gain this, gain a cheaper card.",Hinterlands,Hinterlands,https://raw.githubusercontent.com/tempfillernamegithq/dominion-cards/master/hinterlands/border-village.jpg,border village
Farmland,Victory,$6,"2 VP
———-
When you buy this, trash a card from your hand and gain a card costing exactly $2 more than it.
/td>",Hinterlands,Hinterlands,https://raw.githubusercontent.com/tempfillernamegithq/dominion-cards/master/hinterlands/farmland.jpg,farmland
Poor House,Action,$1,"+$4
Reveal your hand. -$1 per Treasure card in your hand. (You can’t go below $0.)",Dark Ages,Dark Ages,https://raw.githubusercontent.com/tempfillernamegithq/dominion-cards/master/dark-ages/poor-house.jpg,poor house
Beggar,Action – Reaction,$2,"Gain 3 Coppers to your hand.
———-
When another player plays an Attack card, you may first discard this to gain 2 Silvers, putting one onto your deck.",Dark Ages,Dark Ages,https://raw.githubusercontent.com/tempfillernamegithq/dominion-cards/master/dark-ages/beggar.jpg,beggar
Squire,Action,$2,"+$1
Choose one: +2 Actions; or +2 Buys; or gain a Silver.
___
When you trash this, gain an Attack card.",Dark Ages,Dark Ages,https://raw.githubusercontent.com/tempfillernamegithq/dominion-cards/master/dark-ages/squire.jpg,squire
Vagrant,Action,$2,"+1 Card
+1 Action
Reveal the top card of your deck. If it’s a Curse, Ruins, Shelter, or Victory card, put it into your hand.",Dark Ages,Dark Ages,https://raw.githubusercontent.com/tempfillernamegithq/dominion-cards/master/dark-ages/vagrant.jpg,vagrant
Forager,Action,$3,"+1 Action
+1 Buy
Trash a card from your hand, then +$1 per differently named Treasure in the trash.",Dark Ages,Dark Ages,https://raw.githubusercontent.com/tempfillernamegithq/dominion-cards/master/dark-ages/forager.jpg,forager
Hermit,Action,$3,"Look through your discard pile. You may trash a non-Treasure card from your discard pile or hand. Gain a card costing up to $3.
———-
When you discard this from play, if you didn’t buy any cards this turn, trash this and gain a Madman from the Madman pile.",Dark Ages,Dark Ages,https://raw.githubusercontent.com/tempfillernamegithq/dominion-cards/master/dark-ages/hermit.jpg,hermit
Madman,Action,$0*,"+2 Actions
Return this to the Madman pile. If you do, +1 Card per card in your hand.
(This is not in the Supply.)",Dark Ages,Dark Ages,https://raw.githubusercontent.com/tempfillernamegithq/dominion-cards/master/dark-ages/madman.jpg,madman
Market Square,Action – Reaction,$3,"+1 Card
+1 Action
+1 Buy
———-
When one of your cards is trashed, you may discard this from your hand to gain a Gold.",Dark Ages,Dark Ages,https://raw.githubusercontent.com/tempfillernamegithq/dominion-cards/master/dark-ages/market-square.jpg,market square
Sage,Action,$3,"+1 Action
Reveal cards from your deck until you reveal one costing $3 or more. Put that card into your hand and discard the rest.",Dark Ages,Dark Ages,https://raw.githubusercontent.com/tempfillernamegithq/dominion-cards/master/dark-ages/sage.jpg,sage
Storeroom,Action,$3,"+1 Buy
Discard any number of cards, then draw that many. Then discard any number of cards for +$1 each.",Dark Ages,Dark Ages,https://raw.githubusercontent.com/tempfillernamegithq/dominion-cards/master/dark-ages/storeroom.jpg,storeroom
Urchin,Action – Attack,$3,"+1 Card
+1 Action
Each other player discards down to 4 cards in hand.
———-
When you play another Attack card with this in play, you may first trash this, to gain a Mercenary from the Mercenary pile.",Dark Ages,Dark Ages,https://raw.githubusercontent.com/tempfillernamegithq/dominion-cards/master/dark-ages/urchin.jpg,urchin
Mercenary,Action – Attack,$0*,"You may trash 2 cards from your hand. If you do, +2 Cards, + $2, and each other player discards down to 3 cards in hand.
(This is not in the Supply.)",Dark Ages,Dark Ages,https://raw.githubusercontent.com/tempfillernamegithq/dominion-cards/master/dark-ages/mercenary.jpg,mercenary
Armory,Action,$4,Gain a card onto your deck costing up to $4.,Dark Ages,Dark Ages,https://raw.githubusercontent.com/tempfillernamegithq/dominion-cards/master/dark-ages/armory.jpg,armory
Death Cart,Action – Looter,$4,"+$5
You may trash an Action card from your hand. If you don’t, trash this.
___
When you gain this, gain two Ruins.",Dark Ages,Dark Ages,https://raw.githubusercontent.com/tempfillernamegithq/dominion-cards/master/dark-ages/death-cart.jpg,death cart
Feodum,Victory,$4,"Worth 1 VP per 3 Silvers you have (round down).
———-
When you trash this, gain 3 Silvers.",Dark Ages,Dark Ages,https://raw.githubusercontent.com/tempfillernamegithq/dominion-cards/master/dark-ages/feodum.jpg,feodum
Fortress,Action,$4,"+1 Card
+2 Actions
___
When you trash this, put it into your hand.",Dark Ages,Dark Ages,https://raw.githubusercontent.com/tempfillernamegithq/dominion-cards/master/dark-ages/fortress.jpg,fortress
Ironmonger,Action,$4,"+1 Card
+1 Action
Reveal the top card of your deck; you may discard it. Either way, if it’s an…
Action card, +1 Action
Treasure card, +$1
Victory card, +1 Card",Dark Ages,Dark Ages,https://raw.githubusercontent.com/tempfillernamegithq/dominion-cards/master/dark-ages/ironmonger.jpg,ironmonger
Marauder,Action – Attack – Looter,$4,Gain a Spoils from the Spoils pile. Each other player gains a Ruins.,Dark Ages,Dark Ages,https://raw.githubusercontent.com/tempfillernamegithq/dominion-cards/master/dark-ages/marauder.jpg,marauder
Procession,Action,$4,You may play an Action card from your hand twice. Trash it. Gain an Action card costing exactly $1 more than it.,Dark Ages,Dark Ages,https://raw.githubusercontent.com/tempfillernamegithq/dominion-cards/master/dark-ages/procession.jpg,procession
Rats,Action,$4,"+1 Card
+1 Action
Gain a Rats. Trash a card from your hand other than a Rats (or reveal a hand of all Rats).
———-
When you trash this, +1 Card.",Dark Ages,Dark Ages,https://raw.githubusercontent.com/tempfillernamegithq/dominion-cards/master/dark-ages/rats.jpg,rats
Scavenger,Action,$4,"+$2
You may put your deck into your discard pile. Look through your discard pile and put one card from it onto your deck.",Dark Ages,Dark Ages,https://raw.githubusercontent.com/tempfillernamegithq/dominion-cards/master/dark-ages/scavenger.jpg,scavenger
Wandering Minstrel,Action,$4,"+1 Card
+2 Actions
Reveal the top 3 cards of your deck. Put the Actions back on top in any order and discard the rest.",Dark Ages,Dark Ages,https://raw.githubusercontent.com/tempfillernamegithq/dominion-cards/master/dark-ages/wandering-minstrel.jpg,wandering minstrel
Band of Misfits,Action,$5,Play this as if it were a cheaper Action card in the Supply. This is that card until it leaves play.,Dark Ages,Dark Ages,https://raw.githubusercontent.com/tempfillernamegithq/dominion-cards/master/dark-ages/band-of-misfits.jpg,band of misfits
Bandit Camp,Action,$5,"+1 Card
+2 Actions
Gain a Spoils from the Spoils pile.",Dark Ages,Dark Ages,https://raw.githubusercontent.com/tempfillernamegithq/dominion-cards/master/dark-ages/bandit-camp.jpg,bandit camp
Catacombs,Action,$5,"Look at the top 3 cards of your deck. Choose one: Put them into your hand; or discard them and +3 Cards.
___
When you trash this, gain a cheaper card.",Dark Ages,Dark Ages,https://raw.githubusercontent.com/tempfillernamegithq/dominion-cards/master/dark-ages/catacombs.jpg,catacombs
Count,Action,$5,"Choose one: Discard 2 cards; or put a card from your hand onto your deck; or gain a Copper.
Choose one: +$3; trash your hand; or gain a Duchy.",Dark Ages,Dark Ages,https://raw.githubusercontent.com/tempfillernamegithq/dominion-cards/master/dark-ages/count.jpg,count
Counterfeit,Treasure,$5,"$1
+1 Buy
When you play this, you may play a treasure from your hand twice. If you do, trash that treasure.",Dark Ages,Dark Ages,https://raw.githubusercontent.com/tempfillernamegithq/dominion-cards/master/dark-ages/counterfeit.jpg,counterfeit
Cultist,Action – Attack – Looter,$5,"+2 Cards
Each other player gains a Ruins. You may play a Cultist from your hand.
___
When you trash this, +3 Cards.",Dark Ages,Dark Ages,https://raw.githubusercontent.com/tempfillernamegithq/dominion-cards/master/dark-ages/cultist.jpg,cultist
Graverobber,Action,$5,"Choose one: Gain a card from the trash costing from $3 to $6, onto your deck; or trash an Action card from your hand and gain a card costing up to $3 more than it.",Dark Ages,Dark Ages,https://raw.githubusercontent.com/tempfillernamegithq/dominion-cards/master/dark-ages/graverobber.jpg,graverobber
Junk Dealer,Action,$5,"+1 Card
+1 Action
+$1
Trash a card from your hand.",Dark Ages,Dark Ages,https://raw.githubusercontent.com/tempfillernamegithq/dominion-cards/master/dark-ages/junk-dealer.jpg,junk dealer
Mystic,Action,$5,"+1 Action
+$2
Name a card, then reveal the top card of your deck. If you named it, put it into your hand.",Dark Ages,Dark Ages,https://raw.githubusercontent.com/tempfillernamegithq/dominion-cards/master/dark-ages/mystic.jpg,mystic
Pillage,Action – Attack,$5,Trash this. Each other player with 5 or more cards in hand reveals their hand and discards a card that you choose. Gain 2 Spoils from the Spoils pile.,Dark Ages,Dark Ages,https://raw.githubusercontent.com/tempfillernamegithq/dominion-cards/master/dark-ages/pillage.jpg,pillage
Rebuild,Action,$5,"+1 Action
Name a card. Reveal cards from your deck until you reveal a Victory card you did not name. Discard the rest, trash the Victory card, and gain a Victory card costing up to $3 more than it..",Dark Ages,Dark Ages,https://raw.githubusercontent.com/tempfillernamegithq/dominion-cards/master/dark-ages/rebuild.jpg,rebuild
Rogue,Action – Attack,$5,"+$2
If there are any cards in the trash costing from $3 to $6, gain one of them. Otherwise, each other player reveals the top two cards of their deck, trashes one of them costing from $3 to $6, and discards the rest.",Dark Ages,Dark Ages,https://raw.githubusercontent.com/tempfillernamegithq/dominion-cards/master/dark-ages/rogue.jpg,rogue
Altar,Action,$6,Trash a card from your hand. Gain a card costing up to $5.,Dark Ages,Dark Ages,https://raw.githubusercontent.com/tempfillernamegithq/dominion-cards/master/dark-ages/altar.jpg,altar
Hunting Grounds,Action,$6,"+4 Cards
———-
When you trash this, gain a Duchy or 3 Estates.",Dark Ages,Dark Ages,https://raw.githubusercontent.com/tempfillernamegithq/dominion-cards/master/dark-ages/hunting-grounds.jpg,hunting grounds
Knights,,,"Shuffle the Knight pile before each game with it. Keep it face down except for the top card, which is the only one that can be bought or gained.",Dark Ages: Knights,Dark Ages,https://raw.githubusercontent.com/tempfillernamegithq/dominion-cards/master/dark-ages/knights.jpg,knights
Dame Anna,Action – Attack – Knight,$5,"You may trash up to 2 cards from your hand.
Each other player reveals the top two cards of their deck, trashes one of them costing from $3 to $6, and discards the rest. If a Knight is trashed by this, trash this.",Dark Ages: Knights,Dark Ages,https://raw.githubusercontent.com/tempfillernamegithq/dominion-cards/master/dark-ages/dame-anna.jpg,dame anna
Dame Josephine,Action – Attack – Victory – Knight,$5,"Each other player reveals the top two cards of their deck, trashes one of them costing from $3 to $6, and discards the rest. If a Knight is trashed by this, trash this.
———-
Worth 2 VP",Dark Ages: Knights,Dark Ages,https://raw.githubusercontent.com/tempfillernamegithq/dominion-cards/master/dark-ages/dame-josephine.jpg,dame josephine
Dame Molly,Action – Attack – Knight,$5,"+2 Actions.
Each other player reveals the top two cards of their deck, trashes one of them costing from $3 to $6, and discards the rest. If a Knight is trashed by this, trash this.",Dark Ages: Knights,Dark Ages,https://raw.githubusercontent.com/tempfillernamegithq/dominion-cards/master/dark-ages/dame-molly.jpg,dame molly
Dame Natalie,Action – Attack – Knight,$5,"You may gain a card costing up to $3.
Each other player reveals the top two cards of their deck, trashes one of them costing from $3 to $6, and discards the rest. If a Knight is trashed by this, trash this.",Dark Ages: Knights,Dark Ages,https://raw.githubusercontent.com/tempfillernamegithq/dominion-cards/master/dark-ages/dame-natalie.jpg,dame natalie
Dame Sylvia,Action – Attack – Knight,$5,"+$2
Each other player reveals the top two cards of their deck, trashes one of them costing from $3 to $6, and discards the rest. If a Knight is trashed by this, trash this.",Dark Ages: Knights,Dark Ages,https://raw.githubusercontent.com/tempfillernamegithq/dominion-cards/master/dark-ages/dame-sylvia.jpg,dame sylvia
Sir Bailey,Action – Attack – Knight,$5,"+1 Card
+1 Action
Each other player reveals the top two cards of their deck, trashes one of them costing from $3 to $6, and discards the rest. If a Knight is trashed by this, trash this.",Dark Ages: Knights,Dark Ages,https://raw.githubusercontent.com/tempfillernamegithq/dominion-cards/master/dark-ages/sir-bailey.jpg,sir bailey
Sir Destry,Action – Attack – Knight,$5,"+2 Cards
Each other player reveals the top two cards of their deck, trashes one of them costing from $3 to $6, and discards the rest. If a Knight is trashed by this, trash this.",Dark Ages: Knights,Dark Ages,https://raw.githubusercontent.com/tempfillernamegithq/dominion-cards/master/dark-ages/sir-destry.jpg,sir destry
Sir Martin,Action – Attack – Knight,$4,"+2 Buys
Each other player reveals the top two cards of their deck, trashes one of them costing from $3 to $6, and discards the rest. If a Knight is trashed by this, trash this.",Dark Ages: Knights,Dark Ages,https://raw.githubusercontent.com/tempfillernamegithq/dominion-cards/master/dark-ages/sir-martin.jpg,sir martin
Sir Michael,Action – Attack – Knight,$5,"Each other player discards down to 3 cards in hand.
Each other player reveals the top two cards of their deck, trashes one of them costing from $3 to $6, and discards the rest. If a Knight is trashed by this, trash this.",Dark Ages: Knights,Dark Ages,https://raw.githubusercontent.com/tempfillernamegithq/dominion-cards/master/dark-ages/sir-michael.jpg,sir michael
Sir Vander,Action – Attack – Knight,$5,"Each other player reveals the top two cards of their deck, trashes one of them costing from $3 to $6, and discards the rest. If a Knight is trashed by this, trash this.
———-
When you trash this, gain a Gold.",Dark Ages: Knights,Dark Ages,https://raw.githubusercontent.com/tempfillernamegithq/dominion-cards/master/dark-ages/sir-vander.jpg,sir vander
Shelters,,,Replaces starting Estates,Dark Ages: Shelters,Dark Ages,http://wiki.dominionstrategy.com/images/thumb/6/6d/Shelters.jpg/372px-Shelters.jpg,shelters
Hovel,Reaction – Shelter,$1,"When you buy a Victory card, you may trash this from your hand.",Dark Ages: Shelters,Dark Ages,https://raw.githubusercontent.com/tempfillernamegithq/dominion-cards/master/dark-ages/hovel.jpg,hovel
Necropolis,Action – Shelter,$1,+2 Actions,Dark Ages: Shelters,Dark Ages,https://raw.githubusercontent.com/tempfillernamegithq/dominion-cards/master/dark-ages/necropolis.jpg,necropolis
Overgrown Estate,Victory – Shelter,$1,"0 VP
___
When you trash this, +1 Card.",Dark Ages: Shelters,Dark Ages,https://raw.githubusercontent.com/tempfillernamegithq/dominion-cards/master/dark-ages/overgrown-estate.jpg,overgrown estate
Candlestick Maker,Action,$2,"+1 Action.
+1 Buy.
Take a Coin token.",Guilds,Guilds,https://raw.githubusercontent.com/tempfillernamegithq/dominion-cards/master/guilds/candlestick-maker.jpg,candlestick maker
Stonemason,Action,$2+,"Trash a card from your hand. Gain 2 cards each costing less than it.
—
When you buy this, you may overpay for it. If you do, gain 2 Action cards each costing the amount you overpaid.",Guilds,Guilds,https://raw.githubusercontent.com/tempfillernamegithq/dominion-cards/master/guilds/stonemason.jpg,stonemason
Doctor,Action,$3+,"Name a card. Reveal the top 3 cards of your deck. Trash the matches. Put the rest in any order.
—
When you buy this, you may overpay for it. For each $1 you overpaid, look at the top card of your deck; trash it, discard it, or put it back.",Guilds,Guilds,https://raw.githubusercontent.com/tempfillernamegithq/dominion-cards/master/guilds/doctor.jpg,doctor
Masterpiece,Treasure,$3+,"Worth $1
—
When you buy this, you may overpay for it. For each $1 you overpaid, look through your discard pile and put a card from it onto your deck..",Guilds,Guilds,https://raw.githubusercontent.com/tempfillernamegithq/dominion-cards/master/guilds/masterpiece.jpg,masterpiece
Advisor,Action,$4,"+1 Action.
Reveal the top 3 cards of your deck. The player to your left chooses one of them. Discard that card and put the rest into your hand.",Guilds,Guilds,https://raw.githubusercontent.com/tempfillernamegithq/dominion-cards/master/guilds/advisor.jpg,advisor
Herald,Action,$4+,"+1 Card.
+1 Action.
Reveal the top card of your deck. If it is an Action, play it.
—
When you buy this, you may overpay for it. For each $1 you overpaid, look through your discard pile and put a card from it onto your deck.",Guilds,Guilds,https://raw.githubusercontent.com/tempfillernamegithq/dominion-cards/master/guilds/herald.jpg,herald
Plaza,Action,$4,"+1 Card.
+2 Actions.
You may discard a Treasure to take a Coin token.",Guilds,Guilds,https://raw.githubusercontent.com/tempfillernamegithq/dominion-cards/master/guilds/plaza.jpg,plaza
Taxman,Action – Attack,$4,,Guilds,Guilds,https://raw.githubusercontent.com/tempfillernamegithq/dominion-cards/master/guilds/taxman.jpg,taxman
Baker,Action,$5,"+1 Card.
+1 Action.
Take a Coin token.
—
Setup: Each player takes a Coin token.",Guilds,Guilds,https://raw.githubusercontent.com/tempfillernamegithq/dominion-cards/master/guilds/baker.jpg,baker
Butcher,Action,$5,"Take 2 Coin tokens. You may trash a card from your hand. If you do, pay any number of Coin tokens, and gain a card with a cost of up to the cost of the trashed card plus the number of Coin tokens you paid.",Guilds,Guilds,https://raw.githubusercontent.com/tempfillernamegithq/dominion-cards/master/guilds/butcher.jpg,butcher
Journeyman,Action,$5,Name a card. Reveal cards from your deck until you reveal 3 cards without that name. Put those cards into your hand and discard the rest.,Guilds,Guilds,https://raw.githubusercontent.com/tempfillernamegithq/dominion-cards/master/guilds/journeyman.jpg,journeyman
Merchant Guild,Action,$5,"+1 Buy.
+$1.
—
While this is in play, when you buy a card, take a Coin token.",Guilds,Guilds,https://raw.githubusercontent.com/tempfillernamegithq/dominion-cards/master/guilds/merchant-guild.jpg,merchant guild
Soothsayer,Action – Attack,$5,"Gain a Gold. Each other player gains a Curse, and if they did, draws a card.",Guilds,Guilds,https://raw.githubusercontent.com/tempfillernamegithq/dominion-cards/master/guilds/soothsayer.jpg,soothsayer
Coin of the Realm,Treasure – Reserve,$2,"Worth $1
When you play this, put it on your Tavern mat.
———-
Directly after you finish playing an Action card, you may call this, for +2 Actions.",Adventures,Adventures,https://raw.githubusercontent.com/tempfillernamegithq/dominion-cards/master/adventures/coin-of-the-realm.jpg,coin of the realm
Page,Action – Traveller,$2,"+1 Card
+1 Action
———-
When you discard this from play, you may exchange it for a Treasure Hunter.",Adventures,Adventures,https://raw.githubusercontent.com/tempfillernamegithq/dominion-cards/master/adventures/page.jpg,page
Peasant,Action – Traveller,$2,"+1 Buy
+$1
———-
When you discard this from play, you may exchange it for a Soldier.",Adventures,Adventures,https://raw.githubusercontent.com/tempfillernamegithq/dominion-cards/master/adventures/peasant.jpg,peasant
Ratcatcher,Action – Reserve,$2,"+1 Card
+1 Action
Put this on your Tavern mat.
———-
At the start of your turn, you may call this, to trash a card from your hand.",Adventures,Adventures,https://raw.githubusercontent.com/tempfillernamegithq/dominion-cards/master/adventures/ratcatcher.jpg,ratcatcher
Raze,Action,$2,"+1 Action
Trash this or a card from your hand. Look at one card from your deck per $1 the trashed card costs. Put one of them into your hand and discard the rest.",Adventures,Adventures,https://raw.githubusercontent.com/tempfillernamegithq/dominion-cards/master/adventures/raze.jpg,raze
Amulet,Action – Duration,$3,"Now and at the start of your next turn, choose one: +$1; or trash a card from your hand; or gain a Silver.",Adventures,Adventures,https://raw.githubusercontent.com/tempfillernamegithq/dominion-cards/master/adventures/amulet.jpg,amulet
Caravan Guard,Action – Duration – Reaction,$3,"+1 Card
+1 Action
At the start of your next turn, +$1.
———-
When another player plays an Attack card, you may first play this from your hand.
(+1 Action has no effect if it’s not your turn.)",Adventures,Adventures,https://raw.githubusercontent.com/tempfillernamegithq/dominion-cards/master/adventures/caravan-guard.jpg,caravan guard
Dungeon,Action – Duration,$3,"+1 Action
Now and at the start of your next turn: +2 Cards, then discard 2 cards",Adventures,Adventures,https://raw.githubusercontent.com/tempfillernamegithq/dominion-cards/master/adventures/dungeon.jpg,dungeon
Gear,Action – Duration,$3,"+2 Cards
Set aside up to 2 cards from your hand face down (under this). At the start of your next turn, put them into your hand.",Adventures,Adventures,https://raw.githubusercontent.com/tempfillernamegithq/dominion-cards/master/adventures/gear.jpg,gear
Guide,Action – Reserve,$3,"+1 Card
+1 Action
Put this on your Tavern mat.
———-
At the start of your turn, you may call this, to discard your hand and draw 5 cards.",Adventures,Adventures,https://raw.githubusercontent.com/tempfillernamegithq/dominion-cards/master/adventures/guide.jpg,guide
Duplicate,Action – Reserve,$4,"Put this on your Tavern mat.
———-
When you gain a card costing up to $6, you may call this, to gain a copy of that card.",Adventures,Adventures,https://raw.githubusercontent.com/tempfillernamegithq/dominion-cards/master/adventures/duplicate.jpg,duplicate
Magpie,Action,$4,"+1 Card
+1 Action
Reveal the top card of your deck. If it’s a Treasure, put it into your hand. If it’s an Action or Victory card, gain a Magpie.",Adventures,Adventures,https://raw.githubusercontent.com/tempfillernamegithq/dominion-cards/master/adventures/magpie.jpg,magpie
Messenger,Action,$4,"+1 Buy
+$2
You may put your deck into your discard pile.
———-
When this is your first buy in a turn, gain a card costing up to $4, and each other player gains a copy of it.",Adventures,Adventures,https://raw.githubusercontent.com/tempfillernamegithq/dominion-cards/master/adventures/messenger.jpg,messenger
Miser,Action,$4,Choose one: Put a Copper from your hand onto your Tavern mat; or +$1 per Copper on your Tavern mat.,Adventures,Adventures,https://raw.githubusercontent.com/tempfillernamegithq/dominion-cards/master/adventures/miser.jpg,miser
Port,Action,$4,"+1 Card
+2 Actions
———-
When you buy this, gain another Port.",Adventures,Adventures,https://raw.githubusercontent.com/tempfillernamegithq/dominion-cards/master/adventures/port.jpg,port
Ranger,Action,$4,"+1 Buy
Turn your Journey token over (it starts face up). Then if it’s face up, +5 Cards.",Adventures,Adventures,https://raw.githubusercontent.com/tempfillernamegithq/dominion-cards/master/adventures/ranger.jpg,ranger
Transmogrify,Action – Reserve,$4,"+1 Action.
Put this on your Tavern mat.
———-
At the start of your turn, you may call this, to trash a card from your hand, and gain a card costing up to $1 more than it into your hand.",Adventures,Adventures,https://raw.githubusercontent.com/tempfillernamegithq/dominion-cards/master/adventures/transmogrify.jpg,transmogrify
Artificer,Action,$5,"+1 Card
+1 Action
+$1
Discard any number of cards. You may gain a card costing exactly $1 per card discarded, onto your deck.",Adventures,Adventures,https://raw.githubusercontent.com/tempfillernamegithq/dominion-cards/master/adventures/artificer.jpg,artificer
Bridge Troll,Action – Attack – Duration,$5,"Each other player takes their -$1 token.
Now and at the start of your next turn: +1 Buy.
———-
While this is in play, cards cost $1 less on your turns, but not less than $0.",Adventures,Adventures,https://raw.githubusercontent.com/tempfillernamegithq/dominion-cards/master/adventures/bridge-troll.jpg,bridge troll
Distant Lands,Action – Reserve – Victory,$5,"Put this on your Tavern mat.
———-
Worth 4 VP if on your Tavern mat at the end of the game (otherwise worth 0 VP).",Adventures,Adventures,https://raw.githubusercontent.com/tempfillernamegithq/dominion-cards/master/adventures/distant-lands.jpg,distant lands
Giant,Action – Attack,$5,"Turn your Journey token over (it starts face up). Then if it’s face down, +$1. If it’s face up, +$5, and each other player reveals the top card of their deck, trashes it if it costs from $3 to $6, and otherwise discards it and gains a Curse.",Adventures,Adventures,https://raw.githubusercontent.com/tempfillernamegithq/dominion-cards/master/adventures/giant.jpg,giant
Haunted Woods,Action – Attack – Duration,$5,"Until your next turn, when any other player buys a card, they put their hand onto their deck in any order.
At the start of your next turn, +3 Cards.",Adventures,Adventures,https://raw.githubusercontent.com/tempfillernamegithq/dominion-cards/master/adventures/haunted-woods.jpg,haunted woods
Lost City,Action,$5,"+2 Cards
+2 Actions
———-
When you gain this, each other player draws a card.",Adventures,Adventures,https://raw.githubusercontent.com/tempfillernamegithq/dominion-cards/master/adventures/lost-city.jpg,lost city
Relic,Treasure – Attack,$5,"Worth $2
When you play this, each other player puts their -1 Card token on their deck.",Adventures,Adventures,https://raw.githubusercontent.com/tempfillernamegithq/dominion-cards/master/adventures/relic.jpg,relic
Royal Carriage,Action – Reserve,$5,"+1 Action
Put this on your Tavern mat.
———-
Directly after you finish playing an Action card, if it’s still in play, you may call this, to replay that Action.",Adventures,Adventures,https://raw.githubusercontent.com/tempfillernamegithq/dominion-cards/master/adventures/royal-carriage.jpg,royal carriage
Storyteller,Action – Reserve,$5,"+1 Action
+$1
Play up to 3 Treasures from your hand. Then pay all of your $ (including the $1 from this) and draw a card per $1 you paid.",Adventures,Adventures,https://raw.githubusercontent.com/tempfillernamegithq/dominion-cards/master/adventures/storyteller.jpg,storyteller
Swamp Hag,Action – Attack – Duration,$5,"Until your next turn, when any other player buys a card, they gain a Curse.
At the start of your next turn, +$3.",Adventures,Adventures,https://raw.githubusercontent.com/tempfillernamegithq/dominion-cards/master/adventures/swamp-hag.jpg,swamp hag
Treasure Trove,Treasure,$5,"Worth $2
When you play this, gain a Gold and a Copper.",Adventures,Adventures,https://raw.githubusercontent.com/tempfillernamegithq/dominion-cards/master/adventures/treasure-trove.jpg,treasure trove
Wine Merchant,Action – Reserve,$5,"+$4
+1 Buy
Put this on your Tavern mat.
———-
At the end of your Buy phase, if you have at least $2 unspent, you may discard this from your Tavern mat.",Adventures,Adventures,https://raw.githubusercontent.com/tempfillernamegithq/dominion-cards/master/adventures/wine-merchant.jpg,wine merchant
Hireling,Action – Duration,$6,"At the start of each of your turns for the rest of the game: +1 Card.
(This stays in play.)",Adventures,Adventures,https://raw.githubusercontent.com/tempfillernamegithq/dominion-cards/master/adventures/hireling.jpg,hireling
Engineer,Action,4D,"Gain a card costing up to $4. You may trash this. If you do, gain a card costing up to $4.",Empires,Empires,https://raw.githubusercontent.com/tempfillernamegithq/dominion-cards/master/empires/engineer.jpg,engineer
City Quarter,Action,8D,"+2 Actions
Reveal your hand. +1 Card per Action card revealed.)",Empires,Empires,https://raw.githubusercontent.com/tempfillernamegithq/dominion-cards/master/empires/city-quarter.jpg,city quarter
Overlord,Action,8D,Play this as if it were an Action card in the Supply costing up to $5. This is that card until it leaves play.),Empires,Empires,https://raw.githubusercontent.com/tempfillernamegithq/dominion-cards/master/empires/overlord.jpg,overlord
Royal Blacksmith,Action,8D,"+5 Cards
Reveal your hand; discard the Coppers.",Empires,Empires,https://raw.githubusercontent.com/tempfillernamegithq/dominion-cards/master/empires/royal-blacksmith.jpg,royal blacksmith
Encampment,Action,$2,"+2 Cards
+2 Actions
You may reveal a Gold or Plunder from your hand. If you don’t, set this aside, and return it to the Supply at the start of Clean-up.
(This is the top half of the Encampment/Plunder pile.)",Empires,Empires,https://raw.githubusercontent.com/tempfillernamegithq/dominion-cards/master/empires/encampment.jpg,encampment
Plunder,Action,$5,"$2
+1 VP
(This is the bottom half of the Encampment/Plunder pile.)",Empires,Empires,https://raw.githubusercontent.com/tempfillernamegithq/dominion-cards/master/empires/plunder.jpg,plunder
Patrician,Action,$2,"+1 Card
+1 Action
Reveal the top card of your deck. If it costs $5 or more, put it into your hand.
(This is the top half of the Patrician/Emporium pile.)",Empires,Empires,https://raw.githubusercontent.com/tempfillernamegithq/dominion-cards/master/empires/patrician.jpg,patrician
Emporium,Action,$5,"+1 Card
+1 Action
+$1
———-
When you gain this, if you have at least 5 Action cards in play, +2 VP.
(This is the bottom half of the Patrician/Emporium pile.)",Empires,Empires,https://raw.githubusercontent.com/tempfillernamegithq/dominion-cards/master/empires/emporium.jpg,emporium
Settlers,Action,$2,"+1 Card
+1 Action
Look through your discard pile. You may reveal a Copper from it and put it into your hand.
(This is the top half of the Settlers/Bustling Village pile.)",Empires,Empires,https://raw.githubusercontent.com/tempfillernamegithq/dominion-cards/master/empires/settlers.jpg,settlers
Bustling Village,Action,$5,"+1 Card
+3 Actions
Look through your discard pile. You may reveal a Settlers from it and put it into your hand.
(This is the bottom half of the Settlers/Bustling Village pile.)",Empires,Empires,https://raw.githubusercontent.com/tempfillernamegithq/dominion-cards/master/empires/bustling-village.jpg,bustling village
Castles,Victory – Castle,$3*,See Castles section below.,Empires,Empires,https://raw.githubusercontent.com/tempfillernamegithq/dominion-cards/master/empires/castles.jpg,castles
Catapult,Action – Attack,$3,"+$1
Trash a card from your hand. If it costs $3 or more, each other player gains a Curse. If it’s a Treasure, each other player discards down to 3 cards in hand.
(This is the top half of the Catapult/Rocks pile.)",Empires,Empires,https://raw.githubusercontent.com/tempfillernamegithq/dominion-cards/master/empires/catapult.jpg,catapult
Rocks,Treasure,$4,"+$1
———-
When you gain or trash this, gain a Silver; if it’s your Buy phase, put the Silver on your deck, otherwise put it into your hand.
(This is the bottom half of the Catapult/Rocks pile.)",Empires,Empires,https://raw.githubusercontent.com/tempfillernamegithq/dominion-cards/master/empires/rocks.jpg,rocks
Chariot Race,Action,$3,"+1 Action
Reveal the top card of your deck and put it into your hand. The player to your left reveals the top card of their deck. If your card costs more, +$1 and +1 VP.",Empires,Empires,https://raw.githubusercontent.com/tempfillernamegithq/dominion-cards/master/empires/chariot-race.jpg,chariot race
Enchantress,Action – Attack – Duration,$3,"Until your next turn, the first time each other player plays an Action card on their turn, they get +1 Card and +1 Action instead of following its instructions.
At the start of your next turn, +2 Cards.",Empires,Empires,https://raw.githubusercontent.com/tempfillernamegithq/dominion-cards/master/empires/enchantress.jpg,enchantress
Farmer’s Market,Action – Gathering,$3,"+1 Buy
If there are 4 VP or more on the Farmers’ Market Supply pile, take them and trash this. Otherwise, add 1 VP to the pile and then +$1 per 1 VP on the pile.",Empires,Empires,https://raw.githubusercontent.com/tempfillernamegithq/dominion-cards/master/empires/farmers-market.jpg,farmers market
Gladiator,Action,$3,"+$2
Reveal a card from your hand. The player to your left may reveal a copy from their hand. If they don’t, +$1 and trash a Gladiator from the Supply.
(This is the top half of the Gladiator/Fortune pile.)",Empires,Empires,https://raw.githubusercontent.com/tempfillernamegithq/dominion-cards/master/empires/gladiator.jpg,gladiator
Fortune,Treasure,$8 8D,"+1 Buy
When you play this, double your $ if you haven’t yet this turn.
———-
When you gain this, gain a Gold per Gladiator you have in play.
(This is the bottom half of the Gladiator/Fortune pile.)",Empires,Empires,https://raw.githubusercontent.com/tempfillernamegithq/dominion-cards/master/empires/fortune.jpg,fortune
Sacrifice,Action,$4,"Trash a card from your hand. If it’s an…
Action card, +2 Cards, +2 Actions
Treasure card, +$2
Victory card, +2 VP",Empires,Empires,https://raw.githubusercontent.com/tempfillernamegithq/dominion-cards/master/empires/sacrifice.jpg,sacrifice
Temple,Action – Gathering,$4,"+1 VP
Trash from 1 to 3 differently named cards from your hand. Add 1 VP to the Temple Supply pile.
———-
When you gain this, take the VP from the Temple Supply pile.",Empires,Empires,https://raw.githubusercontent.com/tempfillernamegithq/dominion-cards/master/empires/temple.jpg,temple
Villa,Action,$4,"+2 Actions
+1 Buy
+$1
———-
When you gain this, put it into your hand, +1 Action, and if it’s your Buy phase return to your Action phase.",Empires,Empires,https://raw.githubusercontent.com/tempfillernamegithq/dominion-cards/master/empires/villa.jpg,villa
Archive,Action – Duration,$5,"+1 Action
Set aside the top 3 cards of your deck face down (you may look at them). Now and at the start of your next two turns, put one into your hand.",Empires,Empires,https://raw.githubusercontent.com/tempfillernamegithq/dominion-cards/master/empires/archive.jpg,archive
Capital,Treasure,$5,"$6
+1 Buy
———-
When you discard this from play, take [6D], and then you may pay off [D].",Empires,Empires,https://raw.githubusercontent.com/tempfillernamegithq/dominion-cards/master/empires/capital.jpg,capital
Charm,Treasure,$5,"When you play this, choose one: +1 Buy +$2; or the next time you buy a card this turn, you may also gain a differently named card with the same cost.",Empires,Empires,https://raw.githubusercontent.com/tempfillernamegithq/dominion-cards/master/empires/charm.jpg,charm
Crown,Action – Treasure,$5,"If it’s your Action phase, you may play an Action from your hand twice.
If it’s your Buy phase, you may play a Treasure from your hand twice.",Empires,Empires,https://raw.githubusercontent.com/tempfillernamegithq/dominion-cards/master/empires/crown.jpg,crown
Forum,Action,$5,"+3 Cards
+1 Action
Discard 2 cards.
———-
When you buy this, +1 Buy.",Empires,Empires,https://raw.githubusercontent.com/tempfillernamegithq/dominion-cards/master/empires/forum.jpg,forum
Groundskeeper,Action,$5,"+1 Card
+1 Action
———-
While this is in play, when you gain a Victory card, +1 VP.",Empires,Empires,https://raw.githubusercontent.com/tempfillernamegithq/dominion-cards/master/empires/groundskeeper.jpg,groundskeeper
Legionary,Action – Attack,$5,"+$3
You may reveal a Gold from your hand. If you do, each other player discards down to 2 cards in hand, then draws a card.",Empires,Empires,https://raw.githubusercontent.com/tempfillernamegithq/dominion-cards/master/empires/legionary.jpg,legionary
Wild Hunt,Action – Gathering,$5,"Choose one: +3 Cards and add 1 VP to the Wild Hunt Supply pile; or gain an Estate, and if you do, take the VP from the pile.",Empires,Empires,https://raw.githubusercontent.com/tempfillernamegithq/dominion-cards/master/empires/wild-hunt.jpg,wild hunt
Black Market,Action,$3,"+$2
Reveal the top 3 cards of the Black Market deck. Play any number of Treasures from your hand. You may buy one of the revealed cards. Put the rest on the bottom of the Black Market deck in any order.
———-
Setup: Make a Black Market deck out of different unused Kingdom cards.",Promotional Cards,Promotional Cards,https://raw.githubusercontent.com/tempfillernamegithq/dominion-cards/master/promotional-cards/black-market.jpg,black market
Dismantle,Action,$4,"Trash a card from your hand. If it costs $1 or more, gain a cheaper card and a Gold.",Promotional Cards,Promotional Cards,http://wiki.dominionstrategy.com/images/thumb/c/c5/Dismantle.jpg/373px-Dismantle.jpg,dismantle
Envoy,Action,$4,Reveal the top 5 cards of your deck. The player to your left chooses one. Discard that one and put the rest into your hand.,Promotional Cards,Promotional Cards,https://raw.githubusercontent.com/tempfillernamegithq/dominion-cards/master/promotional-cards/envoy.jpg,envoy
Sauna,Action,$4,"+1 Card
+1 Action
You may play an Avanto from your hand
———
While this is in play, when you play a Silver, you may trash a card from your hand.
(This is the top half of the Sauna/Avanto pile.)",Promotional Cards,Promotional Cards,https://raw.githubusercontent.com/tempfillernamegithq/dominion-cards/master/promotional-cards/sauna.jpg,sauna
Avanto,Action,$5,"+ 3 Cards
You may play a Sauna from your hand
(This is the bottom half of the Sauna/Avanto pile.)",Promotional Cards,Promotional Cards,https://raw.githubusercontent.com/tempfillernamegithq/dominion-cards/master/promotional-cards/avanto.jpg,avanto
Walled Village,Action,$4,"+1 Card; +2 Actions
—
At the start of Clean-up, if you have this and no more than one other Action card in play, you may put this onto your deck.",Promotional Cards,Promotional Cards,https://raw.githubusercontent.com/tempfillernamegithq/dominion-cards/master/promotional-cards/walled-village.jpg,walled village
Governor,Action,$5,"+1 Action
Choose one; you get the version in parentheses: Each player gets +1 (+3) Cards; or each player gains a Silver (Gold); or each player may trash a card from their hand and gain a card costing exactly $1 ($2) more.",Promotional Cards,Promotional Cards,https://raw.githubusercontent.com/tempfillernamegithq/dominion-cards/master/promotional-cards/governor.jpg,governor
Stash,Treasure,$5,"Worth $2
———-
When shuffling this, you may look through your remaining deck, and may put this anywhere in the shuffled cards.",Promotional Cards,Promotional Cards,https://raw.githubusercontent.com/tempfillernamegithq/dominion-cards/master/promotional-cards/stash.jpg,stash
Summon,Event,$5,"Gain an Action card costing up to $4. Set it aside. If you did, then at the start of your next turn, play it.",Promotional Cards,Promotional Cards,https://raw.githubusercontent.com/tempfillernamegithq/dominion-cards/master/promotional-cards/summon.jpg,summon
Prince,Action,$8,"You may set this aside. If you do, set aside an Action card from your hand costing up to $4. At the start of each of your turns, play that Action, setting it aside again when you discard it from play. (Stop playing it if you fail to set it aside on a turn you play it.)",Promotional Cards,Promotional Cards,https://raw.githubusercontent.com/tempfillernamegithq/dominion-cards/master/promotional-cards/prince.jpg,prince
Druid, Action – Fate, $2," +1 Buy
Receive one of the set aside, Boons, leaving it there.

Setup: Set aside the top 3 Boons, face-up.",Nocturne,Nocturne,http://wiki.dominionstrategy.com/images/thumb/f/f0/Druid.jpg/373px-Druid.jpg,druid
Faithful Hound, Action – Reaction, $2," +2 Cards

When you discard this other than during Clean-up, you may set it aside, and put it into your hand at end of turn.",Nocturne,Nocturne,http://wiki.dominionstrategy.com/images/thumb/6/60/Faithful_Hound.jpg/371px-Faithful_Hound.jpg,faithful hound
Guardian, Night – Duration, $2,"Until your next turn, when another player plays an Attack card, it doesn’t affect you. At the start of your next turn, +$1.

This is gained to your hand (instead of your discard pile).",Nocturne,Nocturne,http://wiki.dominionstrategy.com/images/thumb/f/fa/Guardian.jpg/371px-Guardian.jpg,guardian
Monastery, Night, $2," For each card you’ve gained this turn, you may trash a card from your hand or a Copper you have in play.",Nocturne,Nocturne,http://wiki.dominionstrategy.com/images/thumb/b/be/Monastery.jpg/373px-Monastery.jpg,monastery
Pixie, Action – Fate, $2," +1 Card
+1 Action
Discard the top Boon. You may trash this to receive that Boon twice.
(When this is in the supply each player replaces one starting copper with Heirloom: Goat)",Nocturne,Nocturne,http://wiki.dominionstrategy.com/images/thumb/f/f7/Pixie.jpg/373px-Pixie.jpg,pixie
Goat, Treasure – Heirloom, $2,"Worth $1
When you play this, you may trash a card from your hand.",Nocturne,Nocturne,http://wiki.dominionstrategy.com/images/thumb/d/da/Goat.jpg/371px-Goat.jpg,goat
Tracker, Action – Fate, $2," +$1.
Receive a Boon.
While this is in play, when you gain a card, you may put that card onto your deck.
(When this is in the supply each player replaces one starting copper with Heirloom: Pouch)",Nocturne,Nocturne,http://wiki.dominionstrategy.com/images/thumb/9/9a/Tracker.jpg/373px-Tracker.jpg,tracker
Pouch, Treasure – Heirloom, $2," $1
+1 Buy",Nocturne,Nocturne,http://wiki.dominionstrategy.com/images/thumb/1/18/Pouch.jpg/372px-Pouch.jpg,pouch
Changeling, Night, $3,"$3
Night
Trash this. Gain a copy of a card you have in play.

In games using this, when you gain a card costing $3 or more, you may exchange it for a Changeling.",Nocturne,Nocturne,http://wiki.dominionstrategy.com/images/thumb/e/e9/Changeling.jpg/373px-Changeling.jpg,changeling
Fool, Action – Fate, $3,"If you aren’t the player with Lost in the Woods, take it, take 3 Boons, and receive the Boons in any order.
(When this is in the supply each player replaces one starting copper with Heirloom: Lucky Coin)",Nocturne,Nocturne,http://wiki.dominionstrategy.com/images/thumb/d/d2/Fool.jpg/373px-Fool.jpg,fool
Lucky Coin, Treasure – Heirloom, $3,"Worth $1
When you play this, gain a Silver.",Nocturne,Nocturne,http://wiki.dominionstrategy.com/images/thumb/3/3e/Lucky_Coin.jpg/373px-Lucky_Coin.jpg,lucky coin
Lost in the Woods, State,,"At the start of your turn, you may discard a card to receive a Boon.",Nocturne,Nocturne,http://wiki.dominionstrategy.com/images/thumb/3/3e/Lost_in_the_Woods.jpg/800px-Lost_in_the_Woods.jpg,lost in the woods
Ghost Town, Night-Duration, $3,"At the start of your next turn, +1 Card and +1 Action.

This is gained to your hand (instead of your discard pile).",Nocturne,Nocturne,http://wiki.dominionstrategy.com/images/thumb/7/73/Ghost_Town.jpg/373px-Ghost_Town.jpg,ghost town
Leprechaun, Action – Doom, $3," Gain a Gold. If you have exactly 7 cards, gain a Wish from its pile. Otherwise, receive a Hex.",Nocturne,Nocturne,http://wiki.dominionstrategy.com/images/thumb/2/23/Leprechaun.jpg/372px-Leprechaun.jpg,leprechaun
Night Watchman, Night, $3,"Look at the top 5 cards of your deck, discard any number, and put the rest back in any order.

This is gained to your hand (instead of your discard pile).",Nocturne,Nocturne,http://wiki.dominionstrategy.com/images/thumb/7/75/Night_Watchman.jpg/371px-Night_Watchman.jpg,night watchman
Secret Cave, Action – Duration, $3," +1 Card
+1 Action
You may discard 3 cards. If you did, then at the start of your next turn: +$3.
(When this is in the supply each player replaces one starting copper with Heirloom: Magic Lamp)",Nocturne,Nocturne,http://wiki.dominionstrategy.com/images/thumb/8/8d/Secret_Cave.jpg/372px-Secret_Cave.jpg,secret cave
Magic Lamp, Treasure – Heirloom, $0," $1

When you play this, if there are at least 6 cards that you have exactly 1 copy of in play, trash this. If you do, gain 3 Wishes from their pile.",Nocturne,Nocturne,http://wiki.dominionstrategy.com/images/thumb/d/db/Magic_Lamp.jpg/373px-Magic_Lamp.jpg,magic lamp
Bard, Action – Fate, $4," +$2
Receive a Boon.",Nocturne,Nocturne,http://wiki.dominionstrategy.com/images/thumb/e/ee/Bard.jpg/373px-Bard.jpg,bard
Blessed Village, Action – Fate, $4," +1 Card
+1 Action
When you gain this, take a Boon. Receive it now or at the start of your next turn.",Nocturne,Nocturne,http://wiki.dominionstrategy.com/images/thumb/e/e4/Blessed_Village.jpg/374px-Blessed_Village.jpg,blessed village
Cemetery, Victory, $4," Worth 2VP

When you gain this, trash up to 4 cards from your hand.
(When this is in the supply each player replaces one starting copper with Heirloom: Haunted Mirror)",Nocturne,Nocturne,http://wiki.dominionstrategy.com/images/thumb/1/18/Cemetery.jpg/373px-Cemetery.jpg,cemetery
Haunted Mirror, Treasure – Heirloom, $0," Worth $1

When you trash this, you may discard an Action card, to gain a Ghost from its pile.",Nocturne,Nocturne,http://wiki.dominionstrategy.com/images/thumb/5/58/Haunted_Mirror.jpg/372px-Haunted_Mirror.jpg,haunted mirror
Conclave, Action, $4," +$2.
You may play an Action card from your hand that you don’t have a copy of in play. If you do, +1 Action.",Nocturne,Nocturne,http://wiki.dominionstrategy.com/images/thumb/1/1f/Conclave.jpg/373px-Conclave.jpg,conclave
Devil’s Workshop, Night, $4," If the number of cards you gained this turn is:
2+, gain an Imp from its pile;
1, gain a card costing up to $4;
0 gain a Gold.",Nocturne,Nocturne,http://wiki.dominionstrategy.com/skins/common/images/cc-by-nc-sa.png,devils workshop
Imp, Action-Spirit, $2*," +2 Cards
You may play an Action card from your hand that you don’t have a copy of in play.
(This is not in the supply).",Nocturne,Nocturne,http://wiki.dominionstrategy.com/images/thumb/3/33/Imp.jpg/373px-Imp.jpg,imp
Exorcist, Night, $4, Trash a card from your hand. Gain a cheaper Spirit from one of the Spirit Piles.,Nocturne,Nocturne,http://wiki.dominionstrategy.com/images/thumb/5/51/Exorcist.jpg/373px-Exorcist.jpg,exorcist
Necromancer, Action, $4," Play  a face-up non-Duration Action card from the trash leaving it there and turning it face down for the turn.

Setup: Put the 3 Zombies into the trash.",Nocturne,Nocturne,http://wiki.dominionstrategy.com/images/thumb/7/7e/Necromancer.jpg/373px-Necromancer.jpg,necromancer
Zombie Apprentice, Action – Zombie, $3, You may trash an Action card from your hand for +3 Cards and +1 Action.,Nocturne,Nocturne,http://wiki.dominionstrategy.com/images/thumb/8/8b/Zombie_Apprentice.jpg/373px-Zombie_Apprentice.jpg,zombie apprentice
Zombie Mason, Action – Zombie, $3, Trash the top card of your deck. You may gain a card costing up to $1 more than it.,Nocturne,Nocturne,http://wiki.dominionstrategy.com/images/thumb/5/59/Zombie_Mason.jpg/375px-Zombie_Mason.jpg,zombie mason
Zombie Spy, Action – Zombie, $3," +1 Card
+1 Action
Look at the top card of your deck. Discard it or put it back.",Nocturne,Nocturne,http://wiki.dominionstrategy.com/images/thumb/c/c9/Zombie_Spy.jpg/371px-Zombie_Spy.jpg,zombie spy
Shepherd, Action, $4," +1 Action
Discard any number of Victory cards, revealing them. +2 Cards per card discarded.
(When this is in the supply each player replaces one starting copper with Heirloom: Pasture)",Nocturne,Nocturne,http://wiki.dominionstrategy.com/images/thumb/a/a9/Shepherd.jpg/373px-Shepherd.jpg,shepherd
Pasture, Treasure – Victory -Heirloom, $2," Worth $1

Worth 1VP per Estate you have.",Nocturne,Nocturne,http://wiki.dominionstrategy.com/images/thumb/a/a9/Pasture.jpg/373px-Pasture.jpg,pasture
Skulk, Action – Attack – Doom, $4," +1 Buy
Each other player receives the next Hex.

When you gain this, gain a Gold.",Nocturne,Nocturne,http://wiki.dominionstrategy.com/images/thumb/4/4f/Skulk.jpg/375px-Skulk.jpg,skulk
Cobbler, Night – Duration,$5," At the start of your next turn, gain a card to hand costing up to $4.",Nocturne,Nocturne,http://wiki.dominionstrategy.com/images/thumb/5/51/Cobbler.jpg/372px-Cobbler.jpg,cobbler
Crypt, Night-Duration, $5,"Set aside any number of Treasures you have in play (under this). While any remain, at the start of each of your turns, put one of them into your hand.",Nocturne,Nocturne,http://wiki.dominionstrategy.com/images/thumb/8/84/Crypt.jpg/373px-Crypt.jpg,crypt
Cursed Village, Action – Doom, $5," +2 Actions
Draw until you have 6 cards in hand.

When you gain this, receive a Hex.",Nocturne,Nocturne,http://wiki.dominionstrategy.com/images/thumb/c/c9/Cursed_Village.jpg/375px-Cursed_Village.jpg,cursed village
Den of Sin, Night – Duration, $5,"At the start of your next turn: +2 Cards.

This is gained to your hand (instead of your discard pile).",Nocturne,Nocturne,http://wiki.dominionstrategy.com/images/thumb/d/d7/Den_of_Sin.jpg/373px-Den_of_Sin.jpg,den of sin
Idol, Treasure – Attack – Fate, $5," When you play this, if you then have an odd number of Idols in play, receive a Boon; if an even number, each other player gains a Curse.",Nocturne,Nocturne,http://wiki.dominionstrategy.com/images/thumb/7/79/Idol.jpg/373px-Idol.jpg,idol
Pooka, Action, $5," You may trash a Treasure other than Cursed Gold from your hand for +4 Cards.
(When this is in the supply each player replaces one starting copper with Heirloom: Cursed Gold)",Nocturne,Nocturne,http://wiki.dominionstrategy.com/images/thumb/f/f4/Pooka.jpg/374px-Pooka.jpg,pooka
Cursed Gold, Treasure – Heirloom, $4," Worth $3
When you play this, gain a Curse.",Nocturne,Nocturne,http://wiki.dominionstrategy.com/images/thumb/d/db/Cursed_Gold.jpg/372px-Cursed_Gold.jpg,cursed gold
Sacred Grove, Action – Fate, $5," +1 Buy
+$3
Receive a Boon. If it doesn’t give +$1, each other player may receive it.",Nocturne,Nocturne,http://wiki.dominionstrategy.com/images/thumb/3/3a/Sacred_Grove.jpg/373px-Sacred_Grove.jpg,sacred grove
Tormentor, Action – Attack – Doom, $5," +$2
If you have no other cards in play, gain an Imp from its pile. Otherwise, each other player receives the next Hex.",Nocturne,Nocturne,http://wiki.dominionstrategy.com/images/thumb/0/07/Tormentor.jpg/373px-Tormentor.jpg,tormentor
Tragic Hero, Action, $5," +3 Cards
+1 Buy
If you have 8 or more cards in hand (after drawing), trash this and gain a Treasure.",Nocturne,Nocturne,http://wiki.dominionstrategy.com/images/thumb/2/29/Tragic_Hero.jpg/373px-Tragic_Hero.jpg,tragic hero
Vampire,Night – Attack -Doom, $5, Each other player receives the next Hex. Gain a card costing up to $5 other than a Vampire. Exchange this for a Bat.,Nocturne,Nocturne,http://wiki.dominionstrategy.com/images/thumb/0/00/Vampire.jpg/373px-Vampire.jpg,vampire
Bat,Night, $2*," Trash up to 2 cards from your hand. If you trashed at least one, exchange this for a Vampire.
(This is not in the Supply.)",Nocturne,Nocturne,http://wiki.dominionstrategy.com/images/thumb/2/20/Bat.jpg/372px-Bat.jpg,bat
Werewolf, Action – Attack – Night – Doom, $5," If it’s your Night phase, each other player receives the next Hex. Otherwise, +3 Cards.",Nocturne,Nocturne,http://wiki.dominionstrategy.com/images/thumb/4/4b/Werewolf.jpg/373px-Werewolf.jpg,werewolf
Raider, Night-Attack-Duration, $6," Each other player with 5 or more cards in hand discards a copy of a card you have in play (or reveals they can’t).
At the start of your next turn, +$3",Nocturne,Nocturne,http://wiki.dominionstrategy.com/images/thumb/e/e0/Raider.jpg/372px-Raider.jpg,raider
Border Guard,Action,$2,"Reveal the top 2 cards of your deck. Put one into your hand and discard the other. If both were Actions, take the Lantern or Horn.",Renaissance,Renaissance,http://wiki.dominionstrategy.com/images/thumb/8/88/Border_Guard.jpg/375px-Border_Guard.jpg,border guard
Ducat,Treasure,$2,"+1 Coffers
+1 Buy
———-
When you gain this, you may trash a Copper from your hand.",Renaissance,Renaissance,http://wiki.dominionstrategy.com/images/thumb/d/dc/Ducat.jpg/373px-Ducat.jpg,ducat
Lackeys,Action,$2,"+2 Cards
———-
When you gain this, +2 Villagers.",Renaissance,Renaissance,http://wiki.dominionstrategy.com/images/thumb/e/e8/Lackeys.jpg/373px-Lackeys.jpg,lackeys
Acting Troupe,Action,$3,"+4 Villagers
Trash this.",Renaissance,Renaissance,http://wiki.dominionstrategy.com/images/thumb/9/90/Acting_Troupe.jpg/373px-Acting_Troupe.jpg,acting troupe
Cargo Ship,Action – Duration,$3,"+$2
Once this turn, when you gain a card, you may set it aside face up (on this). At the start of your next turn, put it into your hand.",Renaissance,Renaissance,http://wiki.dominionstrategy.com/images/thumb/b/ba/Cargo_Ship.jpg/372px-Cargo_Ship.jpg,cargo ship
Experiment,Action,$3,"+2 Cards
+1 Action
Return this to the supply.
———-
When you gain this, gain another Experiment (that doesn’t come with another).",Renaissance,Renaissance,http://wiki.dominionstrategy.com/images/thumb/d/d3/Experiment.jpg/374px-Experiment.jpg,experiment
Improve,Action,$3,"+$2
———-
At the start of Clean-up, you may trash an Action card you would discard from play this turn, to gain a card costing exactly $1 more than it.",Renaissance,Renaissance,http://wiki.dominionstrategy.com/images/thumb/5/5a/Improve.jpg/376px-Improve.jpg,improve
Flag Bearer,Action,$4,"+$2
———-
When you gain or trash this, take the Flag.",Renaissance,Renaissance,http://wiki.dominionstrategy.com/images/thumb/e/e4/Flag_Bearer.jpg/375px-Flag_Bearer.jpg,flag bearer
Hideout,Action,$4,"+1 Card
+2 Actions
Trash a card from your hand. If it’s a Victory card, gain a Curse.",Renaissance,Renaissance,http://wiki.dominionstrategy.com/images/thumb/3/3e/Hideout.jpg/373px-Hideout.jpg,hideout
Inventor,Action,$4,"Gain a card costing up to $4, then cards cost $1 less this turn (but not less than $0).",Renaissance,Renaissance,http://wiki.dominionstrategy.com/images/thumb/9/99/Inventor.jpg/373px-Inventor.jpg,inventor
Mountain Village,Action,$4,"+2 Actions
Look through your discard pile and put a card from it into your hand; if you can’t, +1 Card.",Renaissance,Renaissance,http://wiki.dominionstrategy.com/images/thumb/e/ed/Mountain_Village.jpg/373px-Mountain_Village.jpg,mountain village
Patron,Action – Reaction,$4,"+1 Villager
+$2
———-
When something causes you to reveal this (using the word “reveal”), +1 Coffers.",Renaissance,Renaissance,http://wiki.dominionstrategy.com/images/thumb/7/7e/Patron.jpg/372px-Patron.jpg,patron
Priest,Action,$4,"+$2
Trash a card from your hand. For the rest of this turn, when you trash a card, +$2.",Renaissance,Renaissance,http://wiki.dominionstrategy.com/images/thumb/b/b6/Priest.jpg/372px-Priest.jpg,priest
Research,Action – Duration,$4,"+1 Action
Trash a card from your hand. Per $1 it costs, set aside a card from your deck face down (on this). At the start of your next turn, put those cards into your hand.",Renaissance,Renaissance,http://wiki.dominionstrategy.com/images/thumb/3/36/Research.jpg/375px-Research.jpg,research
Silk Merchant,Action,$4,"+2 Cards
+1 Buy
———-
When you gain or trash this, +1 Coffers and +1 Villager.",Renaissance,Renaissance,http://wiki.dominionstrategy.com/images/thumb/f/f2/Silk_Merchant.jpg/375px-Silk_Merchant.jpg,silk merchant
Old Witch,Action – Attack,$5,"+3 Cards
Each other player gains a Curse and may trash a Curse from their hand.",Renaissance,Renaissance,http://wiki.dominionstrategy.com/images/thumb/0/0e/Old_Witch.jpg/376px-Old_Witch.jpg,old witch
Recruiter,Action,$5,"+2 Cards
Trash a card from your hand. +1 Villager per $1 it costs.",Renaissance,Renaissance,http://wiki.dominionstrategy.com/images/thumb/a/af/Recruiter.jpg/374px-Recruiter.jpg,recruiter
Scepter,Treasure,$5,"When you play this, chose one: +$2; or replay an Action card you played this turn that’s still in play.",Renaissance,Renaissance,http://wiki.dominionstrategy.com/images/thumb/d/dd/Scepter.jpg/372px-Scepter.jpg,scepter
Scholar,Action,$5,"Discard your hand.
+7 Cards.",Renaissance,Renaissance,http://wiki.dominionstrategy.com/images/thumb/2/2e/Scholar.jpg/375px-Scholar.jpg,scholar
Sculptor,Action,$5,"Gain a card to your hand costing up to $4. If it’s a Treasure, +1 Villager.",Renaissance,Renaissance,http://wiki.dominionstrategy.com/images/thumb/e/ee/Sculptor.jpg/375px-Sculptor.jpg,sculptor
Seer,Action,$5,"+1 Card
+1 Action
Reveal the top 3 cards of your deck. Put the ones costing from $2 to $4 into your hand. Put the rest back in any order.",Renaissance,Renaissance,http://wiki.dominionstrategy.com/images/thumb/4/4b/Seer.jpg/375px-Seer.jpg,seer
Spices,Treasure,$5,"$2
+1 Buy
———-
When you gain this, +2 Coffers.",Renaissance,Renaissance,http://wiki.dominionstrategy.com/images/thumb/7/7c/Spices.jpg/373px-Spices.jpg,spices
Swashbuckler,Action,$5,"+3 Cards
If your discard pile has any cards in it: +1 Coffers, then if you have at least 4 Coffers tokens, take the Treasure Chest.",Renaissance,Renaissance,http://wiki.dominionstrategy.com/images/thumb/4/46/Swashbuckler.jpg/376px-Swashbuckler.jpg,swashbuckler
Treasurer,Action,$5,"+$3
Choose one: Trash a Treasure from your hand; or gain a Treasure from the trash to your hand; or take the Key.",Renaissance,Renaissance,http://wiki.dominionstrategy.com/images/thumb/8/87/Treasurer.jpg/375px-Treasurer.jpg,treasurer
Villain,Action – Attack,$5,"+2 Coffers
Each other player with 5 or more cards in hand discards one costing $2 or more (or reveals they can’t).",Renaissance,Renaissance,http://wiki.dominionstrategy.com/images/thumb/7/74/Villain.jpg/373px-Villain.jpg,villain
